Lane,Sample_ID,Sample_Name,Sample_Plate,Sample_Well,I7_Index_ID,index,index2,Sample_Project,Description
4,Sample_58711,58711_GAGATTCC-AGGCGAAG,,,,GAGATTCC,AGGCGAAG,lauring,1103
4,Sample_58712,58712_GAGATTCC-TAATCTTA,,,,GAGATTCC,TAATCTTA,lauring,1121
4,Sample_58713,58713_GAGATTCC-CAGGACGT,,,,GAGATTCC,CAGGACGT,lauring,1122
4,Sample_58714,58714_GAGATTCC-GTACTGAC,,,,GAGATTCC,GTACTGAC,lauring,1125
4,Sample_58715,58715_ATTCAGAA-TATAGCCT,,,,ATTCAGAA,TATAGCCT,lauring,1129
4,Sample_58716,58716_ATTCAGAA-ATAGAGGC,,,,ATTCAGAA,ATAGAGGC,lauring,1134
4,Sample_58717,58717_ATTCAGAA-CCTATCCT,,,,ATTCAGAA,CCTATCCT,lauring,1139
4,Sample_58718,58718_ATTCAGAA-GGCTCTGA,,,,ATTCAGAA,GGCTCTGA,lauring,1149
4,Sample_58719,58719_ATTCAGAA-AGGCGAAG,,,,ATTCAGAA,AGGCGAAG,lauring,1150
4,Sample_58720,58720_ATTCAGAA-TAATCTTA,,,,ATTCAGAA,TAATCTTA,lauring,1153
4,Sample_58721,58721_ATTCAGAA-CAGGACGT,,,,ATTCAGAA,CAGGACGT,lauring,1154
4,Sample_58722,58722_ATTCAGAA-GTACTGAC,,,,ATTCAGAA,GTACTGAC,lauring,1162
4,Sample_58723,58723_GAATTCGT-TATAGCCT,,,,GAATTCGT,TATAGCCT,lauring,1164
4,Sample_58724,58724_GAATTCGT-ATAGAGGC,,,,GAATTCGT,ATAGAGGC,lauring,1165
4,Sample_58725,58725_GAATTCGT-CCTATCCT,,,,GAATTCGT,CCTATCCT,lauring,1167
4,Sample_58726,58726_GAATTCGT-GGCTCTGA,,,,GAATTCGT,GGCTCTGA,lauring,1168
4,Sample_58727,58727_GAATTCGT-AGGCGAAG,,,,GAATTCGT,AGGCGAAG,lauring,1173
4,Sample_58728,58728_GAATTCGT-TAATCTTA,,,,GAATTCGT,TAATCTTA,lauring,1174
4,Sample_58729,58729_GAATTCGT-CAGGACGT,,,,GAATTCGT,CAGGACGT,lauring,1179
4,Sample_58730,58730_GAATTCGT-GTACTGAC,,,,GAATTCGT,GTACTGAC,lauring,1201
4,Sample_58731,58731_CTGAAGCT-TATAGCCT,,,,CTGAAGCT,TATAGCCT,lauring,1203
4,Sample_58732,58732_CTGAAGCT-CCTATCCT,,,,CTGAAGCT,CCTATCCT,lauring,1204
4,Sample_58733,58733_CTGAAGCT-GGCTCTGA,,,,CTGAAGCT,GGCTCTGA,lauring,1205
4,Sample_58734,58734_CTGAAGCT-AGGCGAAG,,,,CTGAAGCT,AGGCGAAG,lauring,1206
4,Sample_58735,58735_CTGAAGCT-TAATCTTA,,,,CTGAAGCT,TAATCTTA,lauring,1213
4,Sample_58736,58736_CTGAAGCT-CAGGACGT,,,,CTGAAGCT,CAGGACGT,lauring,1217
4,Sample_58737,58737_CTGAAGCT-GTACTGAC,,,,CTGAAGCT,GTACTGAC,lauring,1221
4,Sample_58738,58738_TAATGCGC-GGCTCTGA,,,,TAATGCGC,GGCTCTGA,lauring,Perth_pool
4,Sample_58739,58739_TAATGCGC-GTACTGAC,,,,TAATGCGC,GTACTGAC,lauring,Perth_mp
