"","chr","pos","SPECID1","SPECID2","X1","HOUSE_ID","ENROLLID1","ENROLLID2","onset1","onset2","transmission","sequenced1","sequenced2","snv_qualified1","snv_qualified2","valid","double","sequenced_pair","titer_pair","snv_qualified_pair","stringsAsFactors","pair_id","quality_distance","collect1","collect2","mutation","ref","var","season","pcr_result","freq1","freq2","found"
"1","HA",1019,"HS1516","HS1543",127,5109,"50468","50466",2014-12-21,2014-12-24,2014-12-23,TRUE,TRUE,TRUE,TRUE,TRUE,FALSE,TRUE,TRUE,TRUE,FALSE,127,TRUE,2014-12-21,2014-12-24,"HA_G1019A","G","A","2014-2015","A/H3N2",0.0451690779046,0,FALSE
"2","HA",1019,"HS1516","HS1543",127,5109,"50468","50466",2014-12-21,2014-12-24,2014-12-23,TRUE,TRUE,TRUE,TRUE,TRUE,FALSE,TRUE,TRUE,TRUE,FALSE,127,TRUE,2014-12-21,2014-12-24,"HA_G1019G","G","G","2014-2015","A/H3N2",0.95445588521,1,TRUE
"3","HA",1019,"HS1516","HS1544",128,5109,"50468","50467",2014-12-21,2014-12-24,2014-12-23,TRUE,TRUE,TRUE,TRUE,TRUE,FALSE,TRUE,TRUE,TRUE,FALSE,128,TRUE,2014-12-21,2014-12-24,"HA_G1019A","G","A","2014-2015","A/H3N2",0.0451690779046,0,FALSE
"4","HA",1019,"HS1516","HS1544",128,5109,"50468","50467",2014-12-21,2014-12-24,2014-12-23,TRUE,TRUE,TRUE,TRUE,TRUE,FALSE,TRUE,TRUE,TRUE,FALSE,128,TRUE,2014-12-21,2014-12-24,"HA_G1019G","G","G","2014-2015","A/H3N2",0.95445588521,1,TRUE
"5","HA",1178,"MH8088","MH8089",167,5244,"51041","51043",2014-12-11,2014-12-12,2014-12-11,TRUE,TRUE,TRUE,TRUE,TRUE,FALSE,TRUE,TRUE,TRUE,FALSE,167,TRUE,2014-12-15,2014-12-15,"HA_C1178A","C","A","2014-2015","A/H3N2",0.0413910882347,0,FALSE
"6","HA",1178,"MH8088","MH8089",167,5244,"51041","51043",2014-12-11,2014-12-12,2014-12-11,TRUE,TRUE,TRUE,TRUE,TRUE,FALSE,TRUE,TRUE,TRUE,FALSE,167,TRUE,2014-12-15,2014-12-15,"HA_C1178C","C","C","2014-2015","A/H3N2",0.957891867952,1,TRUE
"8","HA",140,"MH7612","HS1369",119,5073,"50319","50316",2014-11-25,2014-11-30,2014-11-29,TRUE,TRUE,TRUE,TRUE,TRUE,FALSE,TRUE,TRUE,TRUE,FALSE,119,TRUE,2014-11-26,2014-11-30,"HA_A140A","A","A","2014-2015","A/H3N2",0.948812954577,1,TRUE
"9","HA",140,"MH7612","HS1369",119,5073,"50319","50316",2014-11-25,2014-11-30,2014-11-29,TRUE,TRUE,TRUE,TRUE,TRUE,FALSE,TRUE,TRUE,TRUE,FALSE,119,TRUE,2014-11-26,2014-11-30,"HA_A140G","A","G","2014-2015","A/H3N2",0.0498634992657,0,FALSE
"13","HA",1475,"MH8088","MH8089",167,5244,"51041","51043",2014-12-11,2014-12-12,2014-12-11,TRUE,TRUE,TRUE,TRUE,TRUE,FALSE,TRUE,TRUE,TRUE,FALSE,167,TRUE,2014-12-15,2014-12-15,"HA_T1475C","T","C","2014-2015","A/H3N2",0.0417286269701,0,FALSE
"14","HA",1475,"MH8088","MH8089",167,5244,"51041","51043",2014-12-11,2014-12-12,2014-12-11,TRUE,TRUE,TRUE,TRUE,TRUE,FALSE,TRUE,TRUE,TRUE,FALSE,167,TRUE,2014-12-15,2014-12-15,"HA_T1475T","T","T","2014-2015","A/H3N2",0.956728102077,1,TRUE
"19","HA",418,"HS1595","MH8924",165,5234,"50993","50992",2015-01-04,2015-01-05,2015-01-04,TRUE,TRUE,TRUE,TRUE,TRUE,FALSE,TRUE,TRUE,TRUE,FALSE,165,TRUE,2015-01-06,2015-01-09,"HA_C418C","C","C","2014-2015","A/H3N2",0.967664515292,1,TRUE
"20","HA",418,"HS1595","MH8924",165,5234,"50993","50992",2015-01-04,2015-01-05,2015-01-04,TRUE,TRUE,TRUE,TRUE,TRUE,FALSE,TRUE,TRUE,TRUE,FALSE,165,TRUE,2015-01-06,2015-01-09,"HA_C418T","C","T","2014-2015","A/H3N2",0.0315552982759,0,FALSE
"23","HA",545,"HS1409","MH7885",133,5126,"50540","50539",2014-12-06,2014-12-06,2014-12-05,TRUE,TRUE,TRUE,TRUE,TRUE,TRUE,TRUE,TRUE,TRUE,FALSE,133.5,TRUE,2014-12-06,2014-12-09,"HA_C545C","C","C","2014-2015","A/H3N2",0.93121305512,1,TRUE
"24","HA",545,"HS1409","MH7885",133,5126,"50540","50539",2014-12-06,2014-12-06,2014-12-05,TRUE,TRUE,TRUE,TRUE,TRUE,TRUE,TRUE,TRUE,TRUE,FALSE,133.5,TRUE,2014-12-06,2014-12-09,"HA_C545T","C","T","2014-2015","A/H3N2",0.0680510202664,0,FALSE
"27","HA",644,"HS1450","MH8309",181,5289,"51220","51216",2014-12-13,2014-12-17,2014-12-16,TRUE,TRUE,TRUE,TRUE,TRUE,FALSE,TRUE,TRUE,TRUE,FALSE,181,TRUE,2014-12-12,2014-12-18,"HA_G644G","G","G","2014-2015","A/H3N2",0.961477309733,1,TRUE
"28","HA",644,"HS1450","MH8309",181,5289,"51220","51216",2014-12-13,2014-12-17,2014-12-16,TRUE,TRUE,TRUE,TRUE,TRUE,FALSE,TRUE,TRUE,TRUE,FALSE,181,TRUE,2014-12-12,2014-12-18,"HA_G644T","G","T","2014-2015","A/H3N2",0.0378270981645,0,FALSE
"30","HA",650,"MH5712","MH5709",73,4024,"UM41510","UM40095",2014-01-03,2014-01-04,2014-01-03,TRUE,TRUE,TRUE,TRUE,TRUE,FALSE,TRUE,TRUE,TRUE,FALSE,73,TRUE,2014-01-07,2014-01-07,"HA_G650A","G","A","2013-2014","A/H1N1",0.0242193827197,0,FALSE
"31","HA",650,"MH5712","MH5709",73,4024,"UM41510","UM40095",2014-01-03,2014-01-04,2014-01-03,TRUE,TRUE,TRUE,TRUE,TRUE,FALSE,TRUE,TRUE,TRUE,FALSE,73,TRUE,2014-01-07,2014-01-07,"HA_G650G","G","G","2013-2014","A/H1N1",0.975386565971,1,TRUE
"36","HA",995,"HS1256","MH7390",136,5129,"50553","50552",2014-11-16,2014-11-17,2014-11-16,TRUE,TRUE,TRUE,TRUE,TRUE,FALSE,TRUE,TRUE,TRUE,FALSE,136,TRUE,2014-11-16,2014-11-17,"HA_C995C","C","C","2014-2015","A/H3N2",0.960878953385,1,TRUE
"37","HA",995,"HS1256","MH7390",136,5129,"50553","50552",2014-11-16,2014-11-17,2014-11-16,TRUE,TRUE,TRUE,TRUE,TRUE,FALSE,TRUE,TRUE,TRUE,FALSE,136,TRUE,2014-11-16,2014-11-17,"HA_C995T","C","T","2014-2015","A/H3N2",0.0380427122411,0,FALSE
"38","M",214,"MH8088","MH8089",167,5244,"51041","51043",2014-12-11,2014-12-12,2014-12-11,TRUE,TRUE,TRUE,TRUE,TRUE,FALSE,TRUE,TRUE,TRUE,FALSE,167,TRUE,2014-12-15,2014-12-15,"M_T214C","T","C","2014-2015","A/H3N2",0.869842130226,0,FALSE
"39","M",214,"MH8088","MH8089",167,5244,"51041","51043",2014-12-11,2014-12-12,2014-12-11,TRUE,TRUE,TRUE,TRUE,TRUE,FALSE,TRUE,TRUE,TRUE,FALSE,167,TRUE,2014-12-15,2014-12-15,"M_T214T","T","T","2014-2015","A/H3N2",0.129615827631,1,TRUE
"40","M",303,"HS1595","MH8924",165,5234,"50993","50992",2015-01-04,2015-01-05,2015-01-04,TRUE,TRUE,TRUE,TRUE,TRUE,FALSE,TRUE,TRUE,TRUE,FALSE,165,TRUE,2015-01-06,2015-01-09,"M_T303C","T","C","2014-2015","A/H3N2",0.0309374082531,0,FALSE
"41","M",303,"HS1595","MH8924",165,5234,"50993","50992",2015-01-04,2015-01-05,2015-01-04,TRUE,TRUE,TRUE,TRUE,TRUE,FALSE,TRUE,TRUE,TRUE,FALSE,165,TRUE,2015-01-06,2015-01-09,"M_T303T","T","T","2014-2015","A/H3N2",0.968531609776,1,TRUE
"43","M",376,"HS1519","HS1518",169,5250,"51058","51057",2014-12-20,2014-12-22,2014-12-21,TRUE,TRUE,TRUE,TRUE,TRUE,FALSE,TRUE,TRUE,TRUE,FALSE,169,TRUE,2014-12-20,2014-12-22,"M_C376C","C","C","2014-2015","A/H3N2",0.974884070686,1,TRUE
"44","M",376,"HS1519","HS1518",169,5250,"51058","51057",2014-12-20,2014-12-22,2014-12-21,TRUE,TRUE,TRUE,TRUE,TRUE,FALSE,TRUE,TRUE,TRUE,FALSE,169,TRUE,2014-12-20,2014-12-22,"M_C376T","C","T","2014-2015","A/H3N2",0.0241204928038,0,FALSE
"45","M",376,"HS1519","HS1520",170,5250,"51058","51059",2014-12-20,2014-12-22,2014-12-21,TRUE,TRUE,TRUE,TRUE,TRUE,FALSE,TRUE,TRUE,TRUE,FALSE,170,TRUE,2014-12-20,2014-12-22,"M_C376C","C","C","2014-2015","A/H3N2",0.974884070686,1,TRUE
"46","M",376,"HS1519","HS1520",170,5250,"51058","51059",2014-12-20,2014-12-22,2014-12-21,TRUE,TRUE,TRUE,TRUE,TRUE,FALSE,TRUE,TRUE,TRUE,FALSE,170,TRUE,2014-12-20,2014-12-22,"M_C376T","C","T","2014-2015","A/H3N2",0.0241204928038,0,FALSE
"49","M",484,"MH8088","MH8089",167,5244,"51041","51043",2014-12-11,2014-12-12,2014-12-11,TRUE,TRUE,TRUE,TRUE,TRUE,FALSE,TRUE,TRUE,TRUE,FALSE,167,TRUE,2014-12-15,2014-12-15,"M_G484A","G","A","2014-2015","A/H3N2",0.0209838939155,0,FALSE
"50","M",484,"MH8088","MH8089",167,5244,"51041","51043",2014-12-11,2014-12-12,2014-12-11,TRUE,TRUE,TRUE,TRUE,TRUE,FALSE,TRUE,TRUE,TRUE,FALSE,167,TRUE,2014-12-15,2014-12-15,"M_G484G","G","G","2014-2015","A/H3N2",0.978439886211,1,TRUE
"53","M",910,"HS1535","HS1536",180,5270,"51138","51137",2014-12-26,2014-12-27,2014-12-26,TRUE,TRUE,TRUE,TRUE,TRUE,FALSE,TRUE,TRUE,TRUE,FALSE,180,TRUE,2014-12-26,2014-12-27,"M_A910A","A","A","2014-2015","A/H3N2",0.798242649544,1,TRUE
"54","M",910,"HS1535","HS1536",180,5270,"51138","51137",2014-12-26,2014-12-27,2014-12-26,TRUE,TRUE,TRUE,TRUE,TRUE,FALSE,TRUE,TRUE,TRUE,FALSE,180,TRUE,2014-12-26,2014-12-27,"M_A910G","A","G","2014-2015","A/H3N2",0.199797392055,0,FALSE
"56","NP",108,"MH8088","MH8089",167,5244,"51041","51043",2014-12-11,2014-12-12,2014-12-11,TRUE,TRUE,TRUE,TRUE,TRUE,FALSE,TRUE,TRUE,TRUE,FALSE,167,TRUE,2014-12-15,2014-12-15,"NP_T108C","T","C","2014-2015","A/H3N2",0.0358219006488,0,FALSE
"57","NP",108,"MH8088","MH8089",167,5244,"51041","51043",2014-12-11,2014-12-12,2014-12-11,TRUE,TRUE,TRUE,TRUE,TRUE,FALSE,TRUE,TRUE,TRUE,FALSE,167,TRUE,2014-12-15,2014-12-15,"NP_T108T","T","T","2014-2015","A/H3N2",0.96334971335,1,TRUE
"58","NP",113,"M54586","M54585",1,1068,"300294","300293",2011-03-07,2011-03-08,2011-03-07,TRUE,TRUE,TRUE,TRUE,TRUE,FALSE,TRUE,TRUE,TRUE,FALSE,1,TRUE,2011-03-11,2011-03-11,"NP_A113A","A","A","2010-2011","A/H3N2",0.643225219764,1,TRUE
"59","NP",113,"M54586","M54585",1,1068,"300294","300293",2011-03-07,2011-03-08,2011-03-07,TRUE,TRUE,TRUE,TRUE,TRUE,FALSE,TRUE,TRUE,TRUE,FALSE,1,TRUE,2011-03-11,2011-03-11,"NP_A113T","A","T","2010-2011","A/H3N2",0.354978951595,0,FALSE
"61","NP",1334,"HS1417","MH8126",123,5078,"50331","50332",2014-12-09,2014-12-11,2014-12-10,TRUE,TRUE,TRUE,TRUE,TRUE,FALSE,TRUE,TRUE,TRUE,FALSE,123,TRUE,2014-12-09,2014-12-15,"NP_C1334C","C","C","2014-2015","A/H3N2",0.969717498814,1,TRUE
"62","NP",1334,"HS1417","MH8126",123,5078,"50331","50332",2014-12-09,2014-12-11,2014-12-10,TRUE,TRUE,TRUE,TRUE,TRUE,FALSE,TRUE,TRUE,TRUE,FALSE,123,TRUE,2014-12-09,2014-12-15,"NP_C1334T","C","T","2014-2015","A/H3N2",0.0293693096763,0,FALSE
"63","NP",1344,"MH2706","MH2737",56,3111,"330441","331061",2013-01-02,2013-01-02,2013-01-01,TRUE,TRUE,TRUE,TRUE,TRUE,TRUE,TRUE,TRUE,TRUE,FALSE,56,TRUE,2013-01-04,2013-01-07,"NP_G1344A","G","A","2012-2013","A/H3N2",0.244784202836,0,FALSE
"64","NP",1344,"MH2706","MH2737",56,3111,"330441","331061",2013-01-02,2013-01-02,2013-01-01,TRUE,TRUE,TRUE,TRUE,TRUE,TRUE,TRUE,TRUE,TRUE,FALSE,56,TRUE,2013-01-04,2013-01-07,"NP_G1344G","G","G","2012-2013","A/H3N2",0.753263467549,1,TRUE
"66","NP",207,"HS1336","HS1335",120,5073,"50318","50319",2014-11-23,2014-11-25,2014-11-24,TRUE,TRUE,TRUE,TRUE,TRUE,FALSE,TRUE,TRUE,TRUE,FALSE,120,TRUE,2014-11-23,2014-11-25,"NP_G207A","G","A","2014-2015","A/H3N2",0.975755873818,1,TRUE
"67","NP",207,"HS1336","HS1335",120,5073,"50318","50319",2014-11-23,2014-11-25,2014-11-24,TRUE,TRUE,TRUE,TRUE,TRUE,FALSE,TRUE,TRUE,TRUE,FALSE,120,TRUE,2014-11-23,2014-11-25,"NP_G207G","G","G","2014-2015","A/H3N2",0.023682486193,0,FALSE
"68","NP",232,"M54586","M54585",1,1068,"300294","300293",2011-03-07,2011-03-08,2011-03-07,TRUE,TRUE,TRUE,TRUE,TRUE,FALSE,TRUE,TRUE,TRUE,FALSE,1,TRUE,2011-03-11,2011-03-11,"NP_T232C","T","C","2010-2011","A/H3N2",0.146442011944,0,FALSE
"69","NP",232,"M54586","M54585",1,1068,"300294","300293",2011-03-07,2011-03-08,2011-03-07,TRUE,TRUE,TRUE,TRUE,TRUE,FALSE,TRUE,TRUE,TRUE,FALSE,1,TRUE,2011-03-11,2011-03-11,"NP_T232T","T","T","2010-2011","A/H3N2",0.852133255406,1,TRUE
"71","NP",339,"HS1250","HS1253",144,5147,"50628","50632",2014-11-10,2014-11-13,2014-11-12,TRUE,TRUE,TRUE,TRUE,TRUE,FALSE,TRUE,TRUE,TRUE,FALSE,144,TRUE,2014-11-10,2014-11-13,"NP_G339A","G","A","2014-2015","A/H3N2",0.959077969318,1,TRUE
"72","NP",339,"HS1250","HS1253",144,5147,"50628","50632",2014-11-10,2014-11-13,2014-11-12,TRUE,TRUE,TRUE,TRUE,TRUE,FALSE,TRUE,TRUE,TRUE,FALSE,144,TRUE,2014-11-10,2014-11-13,"NP_G339G","G","G","2014-2015","A/H3N2",0.0406848015183,0,FALSE
"73","NP",638,"HS1535","HS1536",180,5270,"51138","51137",2014-12-26,2014-12-27,2014-12-26,TRUE,TRUE,TRUE,TRUE,TRUE,FALSE,TRUE,TRUE,TRUE,FALSE,180,TRUE,2014-12-26,2014-12-27,"NP_A638A","A","A","2014-2015","A/H3N2",0.955183424069,1,TRUE
"74","NP",638,"HS1535","HS1536",180,5270,"51138","51137",2014-12-26,2014-12-27,2014-12-26,TRUE,TRUE,TRUE,TRUE,TRUE,FALSE,TRUE,TRUE,TRUE,FALSE,180,TRUE,2014-12-26,2014-12-27,"NP_A638G","A","G","2014-2015","A/H3N2",0.0444150083966,0,FALSE
"75","NP",723,"HS1256","MH7390",136,5129,"50553","50552",2014-11-16,2014-11-17,2014-11-16,TRUE,TRUE,TRUE,TRUE,TRUE,FALSE,TRUE,TRUE,TRUE,FALSE,136,TRUE,2014-11-16,2014-11-17,"NP_T723C","T","C","2014-2015","A/H3N2",0.0353873297077,0,FALSE
"76","NP",723,"HS1256","MH7390",136,5129,"50553","50552",2014-11-16,2014-11-17,2014-11-16,TRUE,TRUE,TRUE,TRUE,TRUE,FALSE,TRUE,TRUE,TRUE,FALSE,136,TRUE,2014-11-16,2014-11-17,"NP_T723T","T","T","2014-2015","A/H3N2",0.964169309855,1,TRUE
"79","NP",923,"MH7390","MH7440",135,5129,"50552","50551",2014-11-17,2014-11-18,2014-11-17,TRUE,TRUE,TRUE,TRUE,TRUE,FALSE,TRUE,TRUE,TRUE,FALSE,135,TRUE,2014-11-17,2014-11-19,"NP_A923A","A","A","2014-2015","A/H3N2",0.958962304228,1,TRUE
"80","NP",923,"MH7390","MH7440",135,5129,"50552","50551",2014-11-17,2014-11-18,2014-11-17,TRUE,TRUE,TRUE,TRUE,TRUE,FALSE,TRUE,TRUE,TRUE,FALSE,135,TRUE,2014-11-17,2014-11-19,"NP_A923G","A","G","2014-2015","A/H3N2",0.0404271939275,0,FALSE
"81","NP",981,"M54206","M54205",3,1077,"300331","300330",2011-02-20,2011-02-22,2011-02-21,TRUE,TRUE,TRUE,TRUE,TRUE,FALSE,TRUE,TRUE,TRUE,FALSE,3,TRUE,2011-02-23,2011-02-23,"NP_G981A","G","A","2010-2011","A/H1N1",0.2542518546,0,FALSE
"82","NP",981,"M54206","M54205",3,1077,"300331","300330",2011-02-20,2011-02-22,2011-02-21,TRUE,TRUE,TRUE,TRUE,TRUE,FALSE,TRUE,TRUE,TRUE,FALSE,3,TRUE,2011-02-23,2011-02-23,"NP_G981G","G","G","2010-2011","A/H1N1",0.744905154785,1,TRUE
"83","NP",981,"M54206","M54207",4,1077,"300331","300332",2011-02-20,2011-02-22,2011-02-21,TRUE,TRUE,TRUE,TRUE,TRUE,FALSE,TRUE,TRUE,TRUE,FALSE,4,TRUE,2011-02-23,2011-02-23,"NP_G981A","G","A","2010-2011","A/H1N1",0.2542518546,0,FALSE
"84","NP",981,"M54206","M54207",4,1077,"300331","300332",2011-02-20,2011-02-22,2011-02-21,TRUE,TRUE,TRUE,TRUE,TRUE,FALSE,TRUE,TRUE,TRUE,FALSE,4,TRUE,2011-02-23,2011-02-23,"NP_G981G","G","G","2010-2011","A/H1N1",0.744905154785,1,TRUE
"86","NR",1322,"M54586","M54585",1,1068,"300294","300293",2011-03-07,2011-03-08,2011-03-07,TRUE,TRUE,TRUE,TRUE,TRUE,FALSE,TRUE,TRUE,TRUE,FALSE,1,TRUE,2011-03-11,2011-03-11,"NR_G1322A","G","A","2010-2011","A/H3N2",0.0982668055415,0,FALSE
"87","NR",1322,"M54586","M54585",1,1068,"300294","300293",2011-03-07,2011-03-08,2011-03-07,TRUE,TRUE,TRUE,TRUE,TRUE,FALSE,TRUE,TRUE,TRUE,FALSE,1,TRUE,2011-03-11,2011-03-11,"NR_G1322G","G","G","2010-2011","A/H3N2",0.900528978841,1,TRUE
"91","NR",258,"HS1341","HS1375",154,5195,"50832","50830",2014-11-30,2014-12-04,2014-12-03,TRUE,TRUE,TRUE,TRUE,TRUE,FALSE,TRUE,TRUE,TRUE,FALSE,154,TRUE,2014-11-30,2014-12-05,"NR_A258A","A","A","2014-2015","A/H3N2",0.968165966199,1,TRUE
"92","NR",258,"HS1341","HS1375",154,5195,"50832","50830",2014-11-30,2014-12-04,2014-12-03,TRUE,TRUE,TRUE,TRUE,TRUE,FALSE,TRUE,TRUE,TRUE,FALSE,154,TRUE,2014-11-30,2014-12-05,"NR_A258G","A","G","2014-2015","A/H3N2",0.0314763480283,0,FALSE
"95","NR",449,"MH7843","HS1394",108,5002,"50007","50006",2014-12-07,2014-12-07,2014-12-06,TRUE,TRUE,TRUE,TRUE,TRUE,TRUE,TRUE,TRUE,TRUE,FALSE,108.5,TRUE,2014-12-08,2014-12-07,"NR_C449C","C","C","2014-2015","A/H3N2",0.972440562834,1,TRUE
"96","NR",449,"MH7843","HS1394",108,5002,"50007","50006",2014-12-07,2014-12-07,2014-12-06,TRUE,TRUE,TRUE,TRUE,TRUE,TRUE,TRUE,TRUE,TRUE,FALSE,108.5,TRUE,2014-12-08,2014-12-07,"NR_C449T","C","T","2014-2015","A/H3N2",0.0267244631601,0,FALSE
"99","NR",506,"MH5712","MH5709",73,4024,"UM41510","UM40095",2014-01-03,2014-01-04,2014-01-03,TRUE,TRUE,TRUE,TRUE,TRUE,FALSE,TRUE,TRUE,TRUE,FALSE,73,TRUE,2014-01-07,2014-01-07,"NR_T506C","T","C","2013-2014","A/H1N1",0.0280651375576,0,FALSE
"100","NR",506,"MH5712","MH5709",73,4024,"UM41510","UM40095",2014-01-03,2014-01-04,2014-01-03,TRUE,TRUE,TRUE,TRUE,TRUE,FALSE,TRUE,TRUE,TRUE,FALSE,73,TRUE,2014-01-07,2014-01-07,"NR_T506T","T","T","2013-2014","A/H1N1",0.970726813995,1,TRUE
"101","NR",517,"HS1450","MH8309",181,5289,"51220","51216",2014-12-13,2014-12-17,2014-12-16,TRUE,TRUE,TRUE,TRUE,TRUE,FALSE,TRUE,TRUE,TRUE,FALSE,181,TRUE,2014-12-12,2014-12-18,"NR_T517G","T","G","2014-2015","A/H3N2",0.939296549596,0,FALSE
"102","NR",517,"HS1450","MH8309",181,5289,"51220","51216",2014-12-13,2014-12-17,2014-12-16,TRUE,TRUE,TRUE,TRUE,TRUE,FALSE,TRUE,TRUE,TRUE,FALSE,181,TRUE,2014-12-12,2014-12-18,"NR_T517T","T","T","2014-2015","A/H3N2",0.0600349668329,1,TRUE
"106","NR",834,"MH2737","MH2706",56,3111,"331061","330441",2013-01-02,2013-01-02,2013-01-01,TRUE,TRUE,TRUE,TRUE,TRUE,TRUE,TRUE,TRUE,TRUE,FALSE,56.5,TRUE,2013-01-07,2013-01-04,"NR_C834C","C","C","2012-2013","A/H3N2",0.969566608597,1,TRUE
"107","NR",834,"MH2737","MH2706",56,3111,"331061","330441",2013-01-02,2013-01-02,2013-01-01,TRUE,TRUE,TRUE,TRUE,TRUE,TRUE,TRUE,TRUE,TRUE,FALSE,56.5,TRUE,2013-01-07,2013-01-04,"NR_C834T","C","T","2012-2013","A/H3N2",0.030090113646,0,FALSE
"109","NR",866,"MH7390","MH7440",135,5129,"50552","50551",2014-11-17,2014-11-18,2014-11-17,TRUE,TRUE,TRUE,TRUE,TRUE,FALSE,TRUE,TRUE,TRUE,FALSE,135,TRUE,2014-11-17,2014-11-19,"NR_C866A","C","A","2014-2015","A/H3N2",0.0393442047164,0,FALSE
"110","NR",866,"MH7390","MH7440",135,5129,"50552","50551",2014-11-17,2014-11-18,2014-11-17,TRUE,TRUE,TRUE,TRUE,TRUE,FALSE,TRUE,TRUE,TRUE,FALSE,135,TRUE,2014-11-17,2014-11-19,"NR_C866C","C","C","2014-2015","A/H3N2",0.959584638207,1,TRUE
"112","NR",925,"MH2737","MH2706",56,3111,"331061","330441",2013-01-02,2013-01-02,2013-01-01,TRUE,TRUE,TRUE,TRUE,TRUE,TRUE,TRUE,TRUE,TRUE,FALSE,56.5,TRUE,2013-01-07,2013-01-04,"NR_C925A","C","A","2012-2013","A/H3N2",0.0435569743186,0,FALSE
"113","NR",925,"MH2737","MH2706",56,3111,"331061","330441",2013-01-02,2013-01-02,2013-01-01,TRUE,TRUE,TRUE,TRUE,TRUE,TRUE,TRUE,TRUE,TRUE,FALSE,56.5,TRUE,2013-01-07,2013-01-04,"NR_C925C","C","C","2012-2013","A/H3N2",0.9555257099,1,TRUE
"114","NS",193,"MH1205","MH1346",43,2162,"321372","320645",2012-03-08,2012-03-11,2012-03-10,TRUE,TRUE,TRUE,TRUE,TRUE,FALSE,TRUE,TRUE,TRUE,FALSE,43,TRUE,2012-03-08,2012-03-12,"NS_T193C","T","C","2011-2012","A/H3N2",0.976673427992,0,FALSE
"115","NS",193,"MH1205","MH1346",43,2162,"321372","320645",2012-03-08,2012-03-11,2012-03-10,TRUE,TRUE,TRUE,TRUE,TRUE,FALSE,TRUE,TRUE,TRUE,FALSE,43,TRUE,2012-03-08,2012-03-12,"NS_T193T","T","T","2011-2012","A/H3N2",0.0228194726166,1,TRUE
"119","NS",287,"MH8159","HS1465",148,5185,"50785","50784",2014-12-14,2014-12-15,2014-12-14,TRUE,TRUE,TRUE,TRUE,TRUE,FALSE,TRUE,TRUE,TRUE,FALSE,148,TRUE,2014-12-16,2014-12-15,"NS_G287A","G","A","2014-2015","A/H3N2",0.037064665189,0,FALSE
"120","NS",287,"MH8159","HS1465",148,5185,"50785","50784",2014-12-14,2014-12-15,2014-12-14,TRUE,TRUE,TRUE,TRUE,TRUE,FALSE,TRUE,TRUE,TRUE,FALSE,148,TRUE,2014-12-16,2014-12-15,"NS_G287G","G","G","2014-2015","A/H3N2",0.961906788678,1,TRUE
"122","NS",314,"MH2737","MH2706",56,3111,"331061","330441",2013-01-02,2013-01-02,2013-01-01,TRUE,TRUE,TRUE,TRUE,TRUE,TRUE,TRUE,TRUE,TRUE,FALSE,56.5,TRUE,2013-01-07,2013-01-04,"NS_G314A","G","A","2012-2013","A/H3N2",0.0204055618074,0,FALSE
"123","NS",314,"MH2737","MH2706",56,3111,"331061","330441",2013-01-02,2013-01-02,2013-01-01,TRUE,TRUE,TRUE,TRUE,TRUE,TRUE,TRUE,TRUE,TRUE,FALSE,56.5,TRUE,2013-01-07,2013-01-04,"NS_G314G","G","G","2012-2013","A/H3N2",0.978886168911,1,TRUE
"125","NS",468,"MH8090","HS1445",184,5317,"51335","51336",2014-12-13,2014-12-15,2014-12-14,TRUE,TRUE,TRUE,TRUE,TRUE,FALSE,TRUE,TRUE,TRUE,FALSE,184,TRUE,2014-12-15,2014-12-15,"NS_A468A","A","A","2014-2015","A/H3N2",0.501867849638,0.0619220607662,TRUE
"126","NS",468,"MH8090","HS1445",184,5317,"51335","51336",2014-12-13,2014-12-15,2014-12-14,TRUE,TRUE,TRUE,TRUE,TRUE,FALSE,TRUE,TRUE,TRUE,FALSE,184,TRUE,2014-12-15,2014-12-15,"NS_A468C","A","C","2014-2015","A/H3N2",0.497550142941,0.937087186262,TRUE
"133","NS",672,"MH2737","MH2706",56,3111,"331061","330441",2013-01-02,2013-01-02,2013-01-01,TRUE,TRUE,TRUE,TRUE,TRUE,TRUE,TRUE,TRUE,TRUE,FALSE,56.5,TRUE,2013-01-07,2013-01-04,"NS_C672C","C","C","2012-2013","A/H3N2",0.949770190414,1,TRUE
"134","NS",672,"MH2737","MH2706",56,3111,"331061","330441",2013-01-02,2013-01-02,2013-01-01,TRUE,TRUE,TRUE,TRUE,TRUE,TRUE,TRUE,TRUE,TRUE,FALSE,56.5,TRUE,2013-01-07,2013-01-04,"NS_C672T","C","T","2012-2013","A/H3N2",0.0498535396754,0,FALSE
"137","PA",1117,"MH8386","HS1507",137,5130,"50556","50558",2014-12-18,2014-12-20,2014-12-19,TRUE,TRUE,TRUE,TRUE,TRUE,FALSE,TRUE,TRUE,TRUE,FALSE,137,TRUE,2014-12-22,2014-12-21,"PA_C1117C","C","C","2014-2015","A/H3N2",0.916894163625,0.920677049427,TRUE
"138","PA",1117,"MH8386","HS1507",137,5130,"50556","50558",2014-12-18,2014-12-20,2014-12-19,TRUE,TRUE,TRUE,TRUE,TRUE,FALSE,TRUE,TRUE,TRUE,FALSE,137,TRUE,2014-12-22,2014-12-21,"PA_C1117T","C","T","2014-2015","A/H3N2",0.0827123981284,0.0788221743703,TRUE
"140","PA",1150,"MH5712","MH5709",73,4024,"UM41510","UM40095",2014-01-03,2014-01-04,2014-01-03,TRUE,TRUE,TRUE,TRUE,TRUE,FALSE,TRUE,TRUE,TRUE,FALSE,73,TRUE,2014-01-07,2014-01-07,"PA_T1150C","T","C","2013-2014","A/H1N1",0.0254233348291,0,FALSE
"141","PA",1150,"MH5712","MH5709",73,4024,"UM41510","UM40095",2014-01-03,2014-01-04,2014-01-03,TRUE,TRUE,TRUE,TRUE,TRUE,FALSE,TRUE,TRUE,TRUE,FALSE,73,TRUE,2014-01-07,2014-01-07,"PA_T1150T","T","T","2013-2014","A/H1N1",0.974180214085,1,TRUE
"142","PA",1201,"MH7687","HS1402",161,5228,"50969","50967",2014-12-01,2014-12-04,2014-12-03,TRUE,TRUE,TRUE,TRUE,TRUE,FALSE,TRUE,TRUE,TRUE,FALSE,161,TRUE,2014-12-02,2014-12-04,"PA_G1201A","G","A","2014-2015","A/H3N2",0.0250320272215,0,FALSE
"143","PA",1201,"MH7687","HS1402",161,5228,"50969","50967",2014-12-01,2014-12-04,2014-12-03,TRUE,TRUE,TRUE,TRUE,TRUE,FALSE,TRUE,TRUE,TRUE,FALSE,161,TRUE,2014-12-02,2014-12-04,"PA_G1201G","G","G","2014-2015","A/H3N2",0.974332555532,1,TRUE
"144","PA",1202,"MH7687","HS1402",161,5228,"50969","50967",2014-12-01,2014-12-04,2014-12-03,TRUE,TRUE,TRUE,TRUE,TRUE,FALSE,TRUE,TRUE,TRUE,FALSE,161,TRUE,2014-12-02,2014-12-04,"PA_A1202A","A","A","2014-2015","A/H3N2",0.969678648085,1,TRUE
"145","PA",1202,"MH7687","HS1402",161,5228,"50969","50967",2014-12-01,2014-12-04,2014-12-03,TRUE,TRUE,TRUE,TRUE,TRUE,FALSE,TRUE,TRUE,TRUE,FALSE,161,TRUE,2014-12-02,2014-12-04,"PA_A1202G","A","G","2014-2015","A/H3N2",0.029538641251,0,FALSE
"153","PA",1701,"HS1313","MH7564",138,5143,"50620","50618",2014-11-22,2014-11-24,2014-11-23,TRUE,TRUE,TRUE,TRUE,TRUE,FALSE,TRUE,TRUE,TRUE,FALSE,138,TRUE,2014-11-22,2014-11-25,"PA_G1701A","G","A","2014-2015","A/H3N2",0.230503852869,0.966235030142,TRUE
"154","PA",1701,"HS1313","MH7564",138,5143,"50620","50618",2014-11-22,2014-11-24,2014-11-23,TRUE,TRUE,TRUE,TRUE,TRUE,FALSE,TRUE,TRUE,TRUE,FALSE,138,TRUE,2014-11-22,2014-11-25,"PA_G1701G","G","G","2014-2015","A/H3N2",0.768498087673,0.0333324322132,TRUE
"155","PA",1701,"MH7564","HS1327",140,5143,"50618","50619",2014-11-24,2014-11-25,2014-11-24,TRUE,TRUE,TRUE,TRUE,TRUE,FALSE,TRUE,TRUE,TRUE,FALSE,140,TRUE,2014-11-25,2014-11-25,"PA_G1701A","G","A","2014-2015","A/H3N2",0.966235030142,0.0395296954463,TRUE
"156","PA",1701,"MH7564","HS1327",140,5143,"50618","50619",2014-11-24,2014-11-25,2014-11-24,TRUE,TRUE,TRUE,TRUE,TRUE,FALSE,TRUE,TRUE,TRUE,FALSE,140,TRUE,2014-11-25,2014-11-25,"PA_G1701G","G","G","2014-2015","A/H3N2",0.0333324322132,0.959534628643,TRUE
"157","PA",1795,"HS1595","MH8924",165,5234,"50993","50992",2015-01-04,2015-01-05,2015-01-04,TRUE,TRUE,TRUE,TRUE,TRUE,FALSE,TRUE,TRUE,TRUE,FALSE,165,TRUE,2015-01-06,2015-01-09,"PA_A1795A","A","A","2014-2015","A/H3N2",0.897309668783,1,TRUE
"158","PA",1795,"HS1595","MH8924",165,5234,"50993","50992",2015-01-04,2015-01-05,2015-01-04,TRUE,TRUE,TRUE,TRUE,TRUE,FALSE,TRUE,TRUE,TRUE,FALSE,165,TRUE,2015-01-06,2015-01-09,"PA_A1795G","A","G","2014-2015","A/H3N2",0.102067566964,0,FALSE
"161","PA",1848,"MH8690","HS1563",105,5001,"50003","50001",2014-12-25,2014-12-25,2014-12-24,TRUE,TRUE,TRUE,TRUE,TRUE,TRUE,TRUE,TRUE,TRUE,FALSE,105.5,TRUE,2014-12-31,2014-12-25,"PA_A1848A","A","A","2014-2015","A/H3N2",0.12118464793,0,FALSE
"162","PA",1848,"MH8690","HS1563",105,5001,"50003","50001",2014-12-25,2014-12-25,2014-12-24,TRUE,TRUE,TRUE,TRUE,TRUE,TRUE,TRUE,TRUE,TRUE,FALSE,105.5,TRUE,2014-12-31,2014-12-25,"PA_A1848G","A","G","2014-2015","A/H3N2",0.878513145966,1,TRUE
"163","PA",1848,"MH8690","HS1564",107,5001,"50003","50004",2014-12-25,2014-12-25,2014-12-24,TRUE,TRUE,TRUE,TRUE,TRUE,TRUE,TRUE,TRUE,TRUE,FALSE,107,TRUE,2014-12-31,2014-12-25,"PA_A1848A","A","A","2014-2015","A/H3N2",0.12118464793,0,FALSE
"164","PA",1848,"MH8690","HS1564",107,5001,"50003","50004",2014-12-25,2014-12-25,2014-12-24,TRUE,TRUE,TRUE,TRUE,TRUE,TRUE,TRUE,TRUE,TRUE,FALSE,107,TRUE,2014-12-31,2014-12-25,"PA_A1848G","A","G","2014-2015","A/H3N2",0.878513145966,1,TRUE
"166","PA",1936,"MH5680","MH5712",75,4024,"UM40093","UM41510",2014-01-01,2014-01-03,2014-01-02,TRUE,TRUE,TRUE,TRUE,TRUE,FALSE,TRUE,TRUE,TRUE,FALSE,75,TRUE,2014-01-03,2014-01-07,"PA_T1936A","T","A","2013-2014","A/H1N1",0.0302867619845,0,FALSE
"167","PA",1936,"MH5680","MH5712",75,4024,"UM40093","UM41510",2014-01-01,2014-01-03,2014-01-02,TRUE,TRUE,TRUE,TRUE,TRUE,FALSE,TRUE,TRUE,TRUE,FALSE,75,TRUE,2014-01-03,2014-01-07,"PA_T1936T","T","T","2013-2014","A/H1N1",0.968505425536,1,TRUE
"169","PA",1978,"MH7390","MH7440",135,5129,"50552","50551",2014-11-17,2014-11-18,2014-11-17,TRUE,TRUE,TRUE,TRUE,TRUE,FALSE,TRUE,TRUE,TRUE,FALSE,135,TRUE,2014-11-17,2014-11-19,"PA_C1978C","C","C","2014-2015","A/H3N2",0.977597751509,1,TRUE
"170","PA",1978,"MH7390","MH7440",135,5129,"50552","50551",2014-11-17,2014-11-18,2014-11-17,TRUE,TRUE,TRUE,TRUE,TRUE,FALSE,TRUE,TRUE,TRUE,FALSE,135,TRUE,2014-11-17,2014-11-19,"PA_C1978T","C","T","2014-2015","A/H3N2",0.0214917213397,0,FALSE
"171","PA",1999,"HS1345","HS1416",117,5070,"50307","50305",2014-11-29,2014-12-05,2014-12-04,TRUE,TRUE,TRUE,TRUE,TRUE,FALSE,TRUE,TRUE,TRUE,FALSE,117,TRUE,2014-11-30,2014-12-07,"PA_G1999A","G","A","2014-2015","A/H3N2",0.0530355210076,0,FALSE
"172","PA",1999,"HS1345","HS1416",117,5070,"50307","50305",2014-11-29,2014-12-05,2014-12-04,TRUE,TRUE,TRUE,TRUE,TRUE,FALSE,TRUE,TRUE,TRUE,FALSE,117,TRUE,2014-11-30,2014-12-07,"PA_G1999G","G","G","2014-2015","A/H3N2",0.946669290564,1,TRUE
"173","PA",201,"MH8088","MH8089",167,5244,"51041","51043",2014-12-11,2014-12-12,2014-12-11,TRUE,TRUE,TRUE,TRUE,TRUE,FALSE,TRUE,TRUE,TRUE,FALSE,167,TRUE,2014-12-15,2014-12-15,"PA_A201A","A","A","2014-2015","A/H3N2",0.971588523443,1,TRUE
"174","PA",201,"MH8088","MH8089",167,5244,"51041","51043",2014-12-11,2014-12-12,2014-12-11,TRUE,TRUE,TRUE,TRUE,TRUE,FALSE,TRUE,TRUE,TRUE,FALSE,167,TRUE,2014-12-15,2014-12-15,"PA_A201G","A","G","2014-2015","A/H3N2",0.0276076825647,0,FALSE
"181","PA",292,"HS1563","HS1564",106,5001,"50001","50004",2014-12-25,2014-12-25,2014-12-24,TRUE,TRUE,TRUE,TRUE,TRUE,TRUE,TRUE,TRUE,TRUE,FALSE,106,TRUE,2014-12-25,2014-12-25,"PA_G292A","G","A","2014-2015","A/H3N2",0.088459720965,0,FALSE
"182","PA",292,"HS1563","HS1564",106,5001,"50001","50004",2014-12-25,2014-12-25,2014-12-24,TRUE,TRUE,TRUE,TRUE,TRUE,TRUE,TRUE,TRUE,TRUE,FALSE,106,TRUE,2014-12-25,2014-12-25,"PA_G292G","G","G","2014-2015","A/H3N2",0.910545279846,1,TRUE
"183","PA",292,"HS1563","MH8690",105,5001,"50001","50003",2014-12-25,2014-12-25,2014-12-24,TRUE,TRUE,TRUE,TRUE,TRUE,TRUE,TRUE,TRUE,TRUE,FALSE,105,TRUE,2014-12-25,2014-12-31,"PA_G292A","G","A","2014-2015","A/H3N2",0.088459720965,0,FALSE
"184","PA",292,"HS1563","MH8690",105,5001,"50001","50003",2014-12-25,2014-12-25,2014-12-24,TRUE,TRUE,TRUE,TRUE,TRUE,TRUE,TRUE,TRUE,TRUE,FALSE,105,TRUE,2014-12-25,2014-12-31,"PA_G292G","G","G","2014-2015","A/H3N2",0.910545279846,1,TRUE
"188","PA",342,"MH5712","MH5709",73,4024,"UM41510","UM40095",2014-01-03,2014-01-04,2014-01-03,TRUE,TRUE,TRUE,TRUE,TRUE,FALSE,TRUE,TRUE,TRUE,FALSE,73,TRUE,2014-01-07,2014-01-07,"PA_A342A","A","A","2013-2014","A/H1N1",0.969814849448,1,TRUE
"189","PA",342,"MH5712","MH5709",73,4024,"UM41510","UM40095",2014-01-03,2014-01-04,2014-01-03,TRUE,TRUE,TRUE,TRUE,TRUE,FALSE,TRUE,TRUE,TRUE,FALSE,73,TRUE,2014-01-07,2014-01-07,"PA_A342G","A","G","2013-2014","A/H1N1",0.0295447927408,0,FALSE
"194","PA",640,"MH5646","MH5645",86,4115,"UM40460","UM40457",2013-12-27,2013-12-29,2013-12-28,TRUE,TRUE,TRUE,TRUE,TRUE,FALSE,TRUE,TRUE,TRUE,FALSE,86,TRUE,2013-12-30,2013-12-30,"PA_C640C","C","C","2013-2014","A/H1N1",0.971704650447,1,TRUE
"195","PA",640,"MH5646","MH5645",86,4115,"UM40460","UM40457",2013-12-27,2013-12-29,2013-12-28,TRUE,TRUE,TRUE,TRUE,TRUE,FALSE,TRUE,TRUE,TRUE,FALSE,86,TRUE,2013-12-30,2013-12-30,"PA_C640T","C","T","2013-2014","A/H1N1",0.0277332266909,0,FALSE
"197","PA",676,"MH5295","MH5300",84,4113,"UM41554","UM41553",2013-11-26,2013-11-28,2013-11-27,TRUE,TRUE,TRUE,TRUE,TRUE,FALSE,TRUE,TRUE,TRUE,FALSE,84,TRUE,2013-11-27,2013-12-02,"PA_C676C","C","C","2013-2014","A/H1N1",0.498412133084,1,TRUE
"198","PA",676,"MH5295","MH5300",84,4113,"UM41554","UM41553",2013-11-26,2013-11-28,2013-11-27,TRUE,TRUE,TRUE,TRUE,TRUE,FALSE,TRUE,TRUE,TRUE,FALSE,84,TRUE,2013-11-27,2013-12-02,"PA_C676T","C","T","2013-2014","A/H1N1",0.501023951563,0,FALSE
"201","PB1",117,"M54375","M54374",22,1234,"301023","301024",2011-02-28,2011-03-01,2011-02-28,TRUE,TRUE,TRUE,TRUE,TRUE,FALSE,TRUE,TRUE,TRUE,FALSE,22,TRUE,2011-03-02,2011-03-02,"PB1_G117A","G","A","2010-2011","A/H3N2",0.19627190774,0,FALSE
"202","PB1",117,"M54375","M54374",22,1234,"301023","301024",2011-02-28,2011-03-01,2011-02-28,TRUE,TRUE,TRUE,TRUE,TRUE,FALSE,TRUE,TRUE,TRUE,FALSE,22,TRUE,2011-03-02,2011-03-02,"PB1_G117G","G","G","2010-2011","A/H3N2",0.803436078828,1,TRUE
"205","PB1",1465,"HS1341","HS1375",154,5195,"50832","50830",2014-11-30,2014-12-04,2014-12-03,TRUE,TRUE,TRUE,TRUE,TRUE,FALSE,TRUE,TRUE,TRUE,FALSE,154,TRUE,2014-11-30,2014-12-05,"PB1_T1465C","T","C","2014-2015","A/H3N2",0.154494567149,0,FALSE
"206","PB1",1465,"HS1341","HS1375",154,5195,"50832","50830",2014-11-30,2014-12-04,2014-12-03,TRUE,TRUE,TRUE,TRUE,TRUE,FALSE,TRUE,TRUE,TRUE,FALSE,154,TRUE,2014-11-30,2014-12-05,"PB1_T1465T","T","T","2014-2015","A/H3N2",0.844894745566,1,TRUE
"207","PB1",1558,"HS1595","MH8924",165,5234,"50993","50992",2015-01-04,2015-01-05,2015-01-04,TRUE,TRUE,TRUE,TRUE,TRUE,FALSE,TRUE,TRUE,TRUE,FALSE,165,TRUE,2015-01-06,2015-01-09,"PB1_G1558G","G","G","2014-2015","A/H3N2",0.974974224388,1,TRUE
"208","PB1",1558,"HS1595","MH8924",165,5234,"50993","50992",2015-01-04,2015-01-05,2015-01-04,TRUE,TRUE,TRUE,TRUE,TRUE,FALSE,TRUE,TRUE,TRUE,FALSE,165,TRUE,2015-01-06,2015-01-09,"PB1_G1558T","G","T","2014-2015","A/H3N2",0.0243697569459,0,FALSE
"210","PB1",1707,"MH5712","MH5709",73,4024,"UM41510","UM40095",2014-01-03,2014-01-04,2014-01-03,TRUE,TRUE,TRUE,TRUE,TRUE,FALSE,TRUE,TRUE,TRUE,FALSE,73,TRUE,2014-01-07,2014-01-07,"PB1_C1707C","C","C","2013-2014","A/H1N1",0.945211352139,1,TRUE
"211","PB1",1707,"MH5712","MH5709",73,4024,"UM41510","UM40095",2014-01-03,2014-01-04,2014-01-03,TRUE,TRUE,TRUE,TRUE,TRUE,FALSE,TRUE,TRUE,TRUE,FALSE,73,TRUE,2014-01-07,2014-01-07,"PB1_C1707T","C","T","2013-2014","A/H1N1",0.0531150684198,0,FALSE
"213","PB1",1737,"MH5712","MH5709",73,4024,"UM41510","UM40095",2014-01-03,2014-01-04,2014-01-03,TRUE,TRUE,TRUE,TRUE,TRUE,FALSE,TRUE,TRUE,TRUE,FALSE,73,TRUE,2014-01-07,2014-01-07,"PB1_G1737A","G","A","2013-2014","A/H1N1",0.118328348245,0,FALSE
"214","PB1",1737,"MH5712","MH5709",73,4024,"UM41510","UM40095",2014-01-03,2014-01-04,2014-01-03,TRUE,TRUE,TRUE,TRUE,TRUE,FALSE,TRUE,TRUE,TRUE,FALSE,73,TRUE,2014-01-07,2014-01-07,"PB1_G1737G","G","G","2013-2014","A/H1N1",0.880418410042,1,TRUE
"215","PB1",1822,"HS1256","MH7390",136,5129,"50553","50552",2014-11-16,2014-11-17,2014-11-16,TRUE,TRUE,TRUE,TRUE,TRUE,FALSE,TRUE,TRUE,TRUE,FALSE,136,TRUE,2014-11-16,2014-11-17,"PB1_G1822A","G","A","2014-2015","A/H3N2",0.0374481830523,0,FALSE
"216","PB1",1822,"HS1256","MH7390",136,5129,"50553","50552",2014-11-16,2014-11-17,2014-11-16,TRUE,TRUE,TRUE,TRUE,TRUE,FALSE,TRUE,TRUE,TRUE,FALSE,136,TRUE,2014-11-16,2014-11-17,"PB1_G1822G","G","G","2014-2015","A/H3N2",0.961405602311,1,TRUE
"217","PB1",1852,"HS1341","HS1375",154,5195,"50832","50830",2014-11-30,2014-12-04,2014-12-03,TRUE,TRUE,TRUE,TRUE,TRUE,FALSE,TRUE,TRUE,TRUE,FALSE,154,TRUE,2014-11-30,2014-12-05,"PB1_G1852A","G","A","2014-2015","A/H3N2",0.0426954659953,0,FALSE
"218","PB1",1852,"HS1341","HS1375",154,5195,"50832","50830",2014-11-30,2014-12-04,2014-12-03,TRUE,TRUE,TRUE,TRUE,TRUE,FALSE,TRUE,TRUE,TRUE,FALSE,154,TRUE,2014-11-30,2014-12-05,"PB1_G1852G","G","G","2014-2015","A/H3N2",0.956246036779,1,TRUE
"221","PB1",1852,"MH8690","HS1563",105,5001,"50003","50001",2014-12-25,2014-12-25,2014-12-24,TRUE,TRUE,TRUE,TRUE,TRUE,TRUE,TRUE,TRUE,TRUE,FALSE,105.5,TRUE,2014-12-31,2014-12-25,"PB1_G1852A","G","A","2014-2015","A/H3N2",0.0428052289357,0,FALSE
"222","PB1",1852,"MH8690","HS1563",105,5001,"50003","50001",2014-12-25,2014-12-25,2014-12-24,TRUE,TRUE,TRUE,TRUE,TRUE,TRUE,TRUE,TRUE,TRUE,FALSE,105.5,TRUE,2014-12-31,2014-12-25,"PB1_G1852G","G","G","2014-2015","A/H3N2",0.95704845815,1,TRUE
"223","PB1",1852,"MH8690","HS1564",107,5001,"50003","50004",2014-12-25,2014-12-25,2014-12-24,TRUE,TRUE,TRUE,TRUE,TRUE,TRUE,TRUE,TRUE,TRUE,FALSE,107,TRUE,2014-12-31,2014-12-25,"PB1_G1852A","G","A","2014-2015","A/H3N2",0.0428052289357,0,FALSE
"224","PB1",1852,"MH8690","HS1564",107,5001,"50003","50004",2014-12-25,2014-12-25,2014-12-24,TRUE,TRUE,TRUE,TRUE,TRUE,TRUE,TRUE,TRUE,TRUE,FALSE,107,TRUE,2014-12-31,2014-12-25,"PB1_G1852G","G","G","2014-2015","A/H3N2",0.95704845815,1,TRUE
"229","PB1",2089,"MH7390","MH7440",135,5129,"50552","50551",2014-11-17,2014-11-18,2014-11-17,TRUE,TRUE,TRUE,TRUE,TRUE,FALSE,TRUE,TRUE,TRUE,FALSE,135,TRUE,2014-11-17,2014-11-19,"PB1_G2089A","G","A","2014-2015","A/H3N2",0.0291516541107,0,FALSE
"230","PB1",2089,"MH7390","MH7440",135,5129,"50552","50551",2014-11-17,2014-11-18,2014-11-17,TRUE,TRUE,TRUE,TRUE,TRUE,FALSE,TRUE,TRUE,TRUE,FALSE,135,TRUE,2014-11-17,2014-11-19,"PB1_G2089G","G","G","2014-2015","A/H3N2",0.970629981439,1,TRUE
"231","PB1",2180,"MH2706","MH2737",56,3111,"330441","331061",2013-01-02,2013-01-02,2013-01-01,TRUE,TRUE,TRUE,TRUE,TRUE,TRUE,TRUE,TRUE,TRUE,FALSE,56,TRUE,2013-01-04,2013-01-07,"PB1_G2180A","G","A","2012-2013","A/H3N2",0.190678829115,0,FALSE
"232","PB1",2180,"MH2706","MH2737",56,3111,"330441","331061",2013-01-02,2013-01-02,2013-01-01,TRUE,TRUE,TRUE,TRUE,TRUE,TRUE,TRUE,TRUE,TRUE,FALSE,56,TRUE,2013-01-04,2013-01-07,"PB1_G2180G","G","G","2012-2013","A/H3N2",0.807900130427,1,TRUE
"239","PB1",463,"MH7953","MH8160",153,5191,"50812","50809",2014-12-10,2014-12-14,2014-12-13,TRUE,TRUE,TRUE,TRUE,TRUE,FALSE,TRUE,TRUE,TRUE,FALSE,153,TRUE,2014-12-11,2014-12-16,"PB1_C463C","C","C","2014-2015","A/H3N2",0.924696473309,1,TRUE
"240","PB1",463,"MH7953","MH8160",153,5191,"50812","50809",2014-12-10,2014-12-14,2014-12-13,TRUE,TRUE,TRUE,TRUE,TRUE,FALSE,TRUE,TRUE,TRUE,FALSE,153,TRUE,2014-12-11,2014-12-16,"PB1_C463T","C","T","2014-2015","A/H3N2",0.0748051062923,0,FALSE
"243","PB1",778,"MH8041","MH8159",149,5185,"50786","50785",2014-12-11,2014-12-14,2014-12-13,TRUE,TRUE,TRUE,TRUE,TRUE,FALSE,TRUE,TRUE,TRUE,FALSE,149,TRUE,2014-12-12,2014-12-16,"PB1_C778C","C","C","2014-2015","A/H3N2",0.977730178159,1,TRUE
"244","PB1",778,"MH8041","MH8159",149,5185,"50786","50785",2014-12-11,2014-12-14,2014-12-13,TRUE,TRUE,TRUE,TRUE,TRUE,FALSE,TRUE,TRUE,TRUE,FALSE,149,TRUE,2014-12-12,2014-12-16,"PB1_C778T","C","T","2014-2015","A/H3N2",0.0220178065715,0,FALSE
"246","PB1",844,"MH2737","MH2706",56,3111,"331061","330441",2013-01-02,2013-01-02,2013-01-01,TRUE,TRUE,TRUE,TRUE,TRUE,TRUE,TRUE,TRUE,TRUE,FALSE,56.5,TRUE,2013-01-07,2013-01-04,"PB1_T844C","T","C","2012-2013","A/H3N2",0.0617749564066,0,FALSE
"247","PB1",844,"MH2737","MH2706",56,3111,"331061","330441",2013-01-02,2013-01-02,2013-01-01,TRUE,TRUE,TRUE,TRUE,TRUE,TRUE,TRUE,TRUE,TRUE,FALSE,56.5,TRUE,2013-01-07,2013-01-04,"PB1_T844T","T","T","2012-2013","A/H3N2",0.937721382774,1,TRUE
"248","PB1",877,"HS1336","HS1335",120,5073,"50318","50319",2014-11-23,2014-11-25,2014-11-24,TRUE,TRUE,TRUE,TRUE,TRUE,FALSE,TRUE,TRUE,TRUE,FALSE,120,TRUE,2014-11-23,2014-11-25,"PB1_A877A","A","A","2014-2015","A/H3N2",0.978369781312,1,TRUE
"249","PB1",877,"HS1336","HS1335",120,5073,"50318","50319",2014-11-23,2014-11-25,2014-11-24,TRUE,TRUE,TRUE,TRUE,TRUE,FALSE,TRUE,TRUE,TRUE,FALSE,120,TRUE,2014-11-23,2014-11-25,"PB1_A877G","A","G","2014-2015","A/H3N2",0.0208654028168,0,FALSE
"251","PB1",904,"MH5712","MH5709",73,4024,"UM41510","UM40095",2014-01-03,2014-01-04,2014-01-03,TRUE,TRUE,TRUE,TRUE,TRUE,FALSE,TRUE,TRUE,TRUE,FALSE,73,TRUE,2014-01-07,2014-01-07,"PB1_A904A","A","A","2013-2014","A/H1N1",0.929840606219,1,TRUE
"252","PB1",904,"MH5712","MH5709",73,4024,"UM41510","UM40095",2014-01-03,2014-01-04,2014-01-03,TRUE,TRUE,TRUE,TRUE,TRUE,FALSE,TRUE,TRUE,TRUE,FALSE,73,TRUE,2014-01-07,2014-01-07,"PB1_A904G","A","G","2013-2014","A/H1N1",0.0692716158236,0,FALSE
"253","PB1",907,"MH2706","MH2737",56,3111,"330441","331061",2013-01-02,2013-01-02,2013-01-01,TRUE,TRUE,TRUE,TRUE,TRUE,TRUE,TRUE,TRUE,TRUE,FALSE,56,TRUE,2013-01-04,2013-01-07,"PB1_G907A","G","A","2012-2013","A/H3N2",0.0221180140336,0,FALSE
"254","PB1",907,"MH2706","MH2737",56,3111,"330441","331061",2013-01-02,2013-01-02,2013-01-01,TRUE,TRUE,TRUE,TRUE,TRUE,TRUE,TRUE,TRUE,TRUE,FALSE,56,TRUE,2013-01-04,2013-01-07,"PB1_G907G","G","G","2012-2013","A/H3N2",0.977250944354,1,TRUE
"257","PB1",985,"HS1336","HS1335",120,5073,"50318","50319",2014-11-23,2014-11-25,2014-11-24,TRUE,TRUE,TRUE,TRUE,TRUE,FALSE,TRUE,TRUE,TRUE,FALSE,120,TRUE,2014-11-23,2014-11-25,"PB1_A985A","A","A","2014-2015","A/H3N2",0.941019740826,1,TRUE
"258","PB1",985,"HS1336","HS1335",120,5073,"50318","50319",2014-11-23,2014-11-25,2014-11-24,TRUE,TRUE,TRUE,TRUE,TRUE,FALSE,TRUE,TRUE,TRUE,FALSE,120,TRUE,2014-11-23,2014-11-25,"PB1_A985C","A","C","2014-2015","A/H3N2",0.0579359438968,0,FALSE
"259","PB2",1015,"MH8088","MH8089",167,5244,"51041","51043",2014-12-11,2014-12-12,2014-12-11,TRUE,TRUE,TRUE,TRUE,TRUE,FALSE,TRUE,TRUE,TRUE,FALSE,167,TRUE,2014-12-15,2014-12-15,"PB2_T1015C","T","C","2014-2015","A/H3N2",0.0451564601606,0,FALSE
"260","PB2",1015,"MH8088","MH8089",167,5244,"51041","51043",2014-12-11,2014-12-12,2014-12-11,TRUE,TRUE,TRUE,TRUE,TRUE,FALSE,TRUE,TRUE,TRUE,FALSE,167,TRUE,2014-12-15,2014-12-15,"PB2_T1015T","T","T","2014-2015","A/H3N2",0.954429572976,1,TRUE
"262","PB2",1099,"HS1563","HS1564",106,5001,"50001","50004",2014-12-25,2014-12-25,2014-12-24,TRUE,TRUE,TRUE,TRUE,TRUE,TRUE,TRUE,TRUE,TRUE,FALSE,106,TRUE,2014-12-25,2014-12-25,"PB2_G1099A","G","A","2014-2015","A/H3N2",0.0999685429417,0,FALSE
"263","PB2",1099,"HS1563","HS1564",106,5001,"50001","50004",2014-12-25,2014-12-25,2014-12-24,TRUE,TRUE,TRUE,TRUE,TRUE,TRUE,TRUE,TRUE,TRUE,FALSE,106,TRUE,2014-12-25,2014-12-25,"PB2_G1099G","G","G","2014-2015","A/H3N2",0.89923195999,1,TRUE
"264","PB2",1099,"HS1563","MH8690",105,5001,"50001","50003",2014-12-25,2014-12-25,2014-12-24,TRUE,TRUE,TRUE,TRUE,TRUE,TRUE,TRUE,TRUE,TRUE,FALSE,105,TRUE,2014-12-25,2014-12-31,"PB2_G1099A","G","A","2014-2015","A/H3N2",0.0999685429417,0,FALSE
"265","PB2",1099,"HS1563","MH8690",105,5001,"50001","50003",2014-12-25,2014-12-25,2014-12-24,TRUE,TRUE,TRUE,TRUE,TRUE,TRUE,TRUE,TRUE,TRUE,FALSE,105,TRUE,2014-12-25,2014-12-31,"PB2_G1099G","G","G","2014-2015","A/H3N2",0.89923195999,1,TRUE
"267","PB2",1099,"HS1595","MH8924",165,5234,"50993","50992",2015-01-04,2015-01-05,2015-01-04,TRUE,TRUE,TRUE,TRUE,TRUE,FALSE,TRUE,TRUE,TRUE,FALSE,165,TRUE,2015-01-06,2015-01-09,"PB2_G1099A","G","A","2014-2015","A/H3N2",0.0383825176499,0,FALSE
"268","PB2",1099,"HS1595","MH8924",165,5234,"50993","50992",2015-01-04,2015-01-05,2015-01-04,TRUE,TRUE,TRUE,TRUE,TRUE,FALSE,TRUE,TRUE,TRUE,FALSE,165,TRUE,2015-01-06,2015-01-09,"PB2_G1099G","G","G","2014-2015","A/H3N2",0.961023714487,1,TRUE
"274","PB2",1911,"MH8088","MH8089",167,5244,"51041","51043",2014-12-11,2014-12-12,2014-12-11,TRUE,TRUE,TRUE,TRUE,TRUE,FALSE,TRUE,TRUE,TRUE,FALSE,167,TRUE,2014-12-15,2014-12-15,"PB2_A1911A","A","A","2014-2015","A/H3N2",0.972815346797,1,TRUE
"275","PB2",1911,"MH8088","MH8089",167,5244,"51041","51043",2014-12-11,2014-12-12,2014-12-11,TRUE,TRUE,TRUE,TRUE,TRUE,FALSE,TRUE,TRUE,TRUE,FALSE,167,TRUE,2014-12-15,2014-12-15,"PB2_A1911G","A","G","2014-2015","A/H3N2",0.0269257841865,0,FALSE
"277","PB2",2097,"MH8386","HS1507",137,5130,"50556","50558",2014-12-18,2014-12-20,2014-12-19,TRUE,TRUE,TRUE,TRUE,TRUE,FALSE,TRUE,TRUE,TRUE,FALSE,137,TRUE,2014-12-22,2014-12-21,"PB2_C2097C","C","C","2014-2015","A/H3N2",0.962628396591,0.959764579989,TRUE
"278","PB2",2097,"MH8386","HS1507",137,5130,"50556","50558",2014-12-18,2014-12-20,2014-12-19,TRUE,TRUE,TRUE,TRUE,TRUE,FALSE,TRUE,TRUE,TRUE,FALSE,137,TRUE,2014-12-22,2014-12-21,"PB2_C2097T","C","T","2014-2015","A/H3N2",0.0367014627226,0.0394071034315,TRUE
"280","PB2",2187,"MH8088","MH8089",167,5244,"51041","51043",2014-12-11,2014-12-12,2014-12-11,TRUE,TRUE,TRUE,TRUE,TRUE,FALSE,TRUE,TRUE,TRUE,FALSE,167,TRUE,2014-12-15,2014-12-15,"PB2_A2187A","A","A","2014-2015","A/H3N2",0.613295395758,1,TRUE
"281","PB2",2187,"MH8088","MH8089",167,5244,"51041","51043",2014-12-11,2014-12-12,2014-12-11,TRUE,TRUE,TRUE,TRUE,TRUE,FALSE,TRUE,TRUE,TRUE,FALSE,167,TRUE,2014-12-15,2014-12-15,"PB2_A2187G","A","G","2014-2015","A/H3N2",0.385372324046,0,FALSE
"283","PB2",2211,"HS1564","HS1563",106,5001,"50004","50001",2014-12-25,2014-12-25,2014-12-24,TRUE,TRUE,TRUE,TRUE,TRUE,TRUE,TRUE,TRUE,TRUE,FALSE,106.5,TRUE,2014-12-25,2014-12-25,"PB2_A2211A","A","A","2014-2015","A/H3N2",0.95006090134,1,TRUE
"284","PB2",2211,"HS1564","HS1563",106,5001,"50004","50001",2014-12-25,2014-12-25,2014-12-24,TRUE,TRUE,TRUE,TRUE,TRUE,TRUE,TRUE,TRUE,TRUE,FALSE,106.5,TRUE,2014-12-25,2014-12-25,"PB2_A2211G","A","G","2014-2015","A/H3N2",0.0491766129568,0,FALSE
"285","PB2",2211,"HS1564","MH8690",107,5001,"50004","50003",2014-12-25,2014-12-25,2014-12-24,TRUE,TRUE,TRUE,TRUE,TRUE,TRUE,TRUE,TRUE,TRUE,FALSE,107.5,TRUE,2014-12-25,2014-12-31,"PB2_A2211A","A","A","2014-2015","A/H3N2",0.95006090134,1,TRUE
"286","PB2",2211,"HS1564","MH8690",107,5001,"50004","50003",2014-12-25,2014-12-25,2014-12-24,TRUE,TRUE,TRUE,TRUE,TRUE,TRUE,TRUE,TRUE,TRUE,FALSE,107.5,TRUE,2014-12-25,2014-12-31,"PB2_A2211G","A","G","2014-2015","A/H3N2",0.0491766129568,0,FALSE
"290","PB2",678,"MH5680","MH5712",75,4024,"UM40093","UM41510",2014-01-01,2014-01-03,2014-01-02,TRUE,TRUE,TRUE,TRUE,TRUE,FALSE,TRUE,TRUE,TRUE,FALSE,75,TRUE,2014-01-03,2014-01-07,"PB2_C678C","C","C","2013-2014","A/H1N1",0.975926577528,1,TRUE
"291","PB2",678,"MH5680","MH5712",75,4024,"UM40093","UM41510",2014-01-01,2014-01-03,2014-01-02,TRUE,TRUE,TRUE,TRUE,TRUE,FALSE,TRUE,TRUE,TRUE,FALSE,75,TRUE,2014-01-03,2014-01-07,"PB2_C678T","C","T","2013-2014","A/H1N1",0.0233398308714,0,FALSE
"293","PB2",918,"M54206","M54205",3,1077,"300331","300330",2011-02-20,2011-02-22,2011-02-21,TRUE,TRUE,TRUE,TRUE,TRUE,FALSE,TRUE,TRUE,TRUE,FALSE,3,TRUE,2011-02-23,2011-02-23,"PB2_T918C","T","C","2010-2011","A/H1N1",0.38327738606,0.0208223762568,TRUE
"294","PB2",918,"M54206","M54205",3,1077,"300331","300330",2011-02-20,2011-02-22,2011-02-21,TRUE,TRUE,TRUE,TRUE,TRUE,FALSE,TRUE,TRUE,TRUE,FALSE,3,TRUE,2011-02-23,2011-02-23,"PB2_T918T","T","T","2010-2011","A/H1N1",0.616380608251,0.978525345622,TRUE
"295","PB2",918,"M54206","M54207",4,1077,"300331","300332",2011-02-20,2011-02-22,2011-02-21,TRUE,TRUE,TRUE,TRUE,TRUE,FALSE,TRUE,TRUE,TRUE,FALSE,4,TRUE,2011-02-23,2011-02-23,"PB2_T918C","T","C","2010-2011","A/H1N1",0.38327738606,0.823475258918,TRUE
"296","PB2",918,"M54206","M54207",4,1077,"300331","300332",2011-02-20,2011-02-22,2011-02-21,TRUE,TRUE,TRUE,TRUE,TRUE,FALSE,TRUE,TRUE,TRUE,FALSE,4,TRUE,2011-02-23,2011-02-23,"PB2_T918T","T","T","2010-2011","A/H1N1",0.616380608251,0.176179516686,TRUE
"297","PB2",987,"MH2706","MH2737",56,3111,"330441","331061",2013-01-02,2013-01-02,2013-01-01,TRUE,TRUE,TRUE,TRUE,TRUE,TRUE,TRUE,TRUE,TRUE,FALSE,56,TRUE,2013-01-04,2013-01-07,"PB2_C987C","C","C","2012-2013","A/H3N2",0.716619134042,0,FALSE
"298","PB2",987,"MH2706","MH2737",56,3111,"330441","331061",2013-01-02,2013-01-02,2013-01-01,TRUE,TRUE,TRUE,TRUE,TRUE,TRUE,TRUE,TRUE,TRUE,FALSE,56,TRUE,2013-01-04,2013-01-07,"PB2_C987T","C","T","2012-2013","A/H3N2",0.28281320686,1,TRUE
