"","X1","HOUSE_ID","ENROLLID1","ENROLLID2","onset1","onset2","transmission","sequenced1","sequenced2","snv_qualified1","snv_qualified2","valid","double","sequenced_pair","titer_pair","snv_qualified_pair","stringsAsFactors","pair_id","quality_distance","collect1","collect2","mutation","chr","pos","ref","var","season","pcr_result","freq1","freq2","SPECID1","SPECID2"
"1",1,1068,"300294","300293",2011-03-07,2011-03-08,2011-03-07,TRUE,TRUE,TRUE,TRUE,TRUE,FALSE,TRUE,TRUE,TRUE,FALSE,1,TRUE,2011-03-11,2011-03-11,"M_C806A","M",806,"C","A","2010-2011","A/H3N2",0,0.900863885377,"M54586","M54585"
"2",1,1068,"300294","300293",2011-03-07,2011-03-08,2011-03-07,TRUE,TRUE,TRUE,TRUE,TRUE,FALSE,TRUE,TRUE,TRUE,FALSE,1,TRUE,2011-03-11,2011-03-11,"M_C806C","M",806,"C","C","2010-2011","A/H3N2",1,0.0970290771176,"M54586","M54585"
"3",1,1068,"300294","300293",2011-03-07,2011-03-08,2011-03-07,TRUE,TRUE,TRUE,TRUE,TRUE,FALSE,TRUE,TRUE,TRUE,FALSE,1,TRUE,2011-03-11,2011-03-11,"NP_A113A","NP",113,"A","A","2010-2011","A/H3N2",0.643225219764,1,"M54586","M54585"
"4",1,1068,"300294","300293",2011-03-07,2011-03-08,2011-03-07,TRUE,TRUE,TRUE,TRUE,TRUE,FALSE,TRUE,TRUE,TRUE,FALSE,1,TRUE,2011-03-11,2011-03-11,"NP_A113T","NP",113,"A","T","2010-2011","A/H3N2",0.354978951595,0,"M54586","M54585"
"5",1,1068,"300294","300293",2011-03-07,2011-03-08,2011-03-07,TRUE,TRUE,TRUE,TRUE,TRUE,FALSE,TRUE,TRUE,TRUE,FALSE,1,TRUE,2011-03-11,2011-03-11,"NP_T232C","NP",232,"T","C","2010-2011","A/H3N2",0.146442011944,0,"M54586","M54585"
"6",1,1068,"300294","300293",2011-03-07,2011-03-08,2011-03-07,TRUE,TRUE,TRUE,TRUE,TRUE,FALSE,TRUE,TRUE,TRUE,FALSE,1,TRUE,2011-03-11,2011-03-11,"NP_T232T","NP",232,"T","T","2010-2011","A/H3N2",0.852133255406,1,"M54586","M54585"
"7",1,1068,"300294","300293",2011-03-07,2011-03-08,2011-03-07,TRUE,TRUE,TRUE,TRUE,TRUE,FALSE,TRUE,TRUE,TRUE,FALSE,1,TRUE,2011-03-11,2011-03-11,"NP_A1333A","NP",1333,"A","A","2010-2011","A/H3N2",1,0.958955820724,"M54586","M54585"
"8",1,1068,"300294","300293",2011-03-07,2011-03-08,2011-03-07,TRUE,TRUE,TRUE,TRUE,TRUE,FALSE,TRUE,TRUE,TRUE,FALSE,1,TRUE,2011-03-11,2011-03-11,"NP_A1333G","NP",1333,"A","G","2010-2011","A/H3N2",0,0.0396898992129,"M54586","M54585"
"9",1,1068,"300294","300293",2011-03-07,2011-03-08,2011-03-07,TRUE,TRUE,TRUE,TRUE,TRUE,FALSE,TRUE,TRUE,TRUE,FALSE,1,TRUE,2011-03-11,2011-03-11,"NR_G215A","NR",215,"G","A","2010-2011","A/H3N2",0,0.0245977092282,"M54586","M54585"
"10",1,1068,"300294","300293",2011-03-07,2011-03-08,2011-03-07,TRUE,TRUE,TRUE,TRUE,TRUE,FALSE,TRUE,TRUE,TRUE,FALSE,1,TRUE,2011-03-11,2011-03-11,"NR_G215G","NR",215,"G","G","2010-2011","A/H3N2",1,0.974399396826,"M54586","M54585"
"11",1,1068,"300294","300293",2011-03-07,2011-03-08,2011-03-07,TRUE,TRUE,TRUE,TRUE,TRUE,FALSE,TRUE,TRUE,TRUE,FALSE,1,TRUE,2011-03-11,2011-03-11,"NR_G1322A","NR",1322,"G","A","2010-2011","A/H3N2",0.0982668055415,0,"M54586","M54585"
"12",1,1068,"300294","300293",2011-03-07,2011-03-08,2011-03-07,TRUE,TRUE,TRUE,TRUE,TRUE,FALSE,TRUE,TRUE,TRUE,FALSE,1,TRUE,2011-03-11,2011-03-11,"NR_G1322G","NR",1322,"G","G","2010-2011","A/H3N2",0.900528978841,1,"M54586","M54585"
"13",3,1077,"300331","300330",2011-02-20,2011-02-22,2011-02-21,TRUE,TRUE,TRUE,TRUE,TRUE,FALSE,TRUE,TRUE,TRUE,FALSE,3,TRUE,2011-02-23,2011-02-23,"NP_G981A","NP",981,"G","A","2010-2011","A/H1N1",0.2542518546,0,"M54206","M54205"
"14",3,1077,"300331","300330",2011-02-20,2011-02-22,2011-02-21,TRUE,TRUE,TRUE,TRUE,TRUE,FALSE,TRUE,TRUE,TRUE,FALSE,3,TRUE,2011-02-23,2011-02-23,"NP_G981G","NP",981,"G","G","2010-2011","A/H1N1",0.744905154785,1,"M54206","M54205"
"15",3,1077,"300331","300330",2011-02-20,2011-02-22,2011-02-21,TRUE,TRUE,TRUE,TRUE,TRUE,FALSE,TRUE,TRUE,TRUE,FALSE,3,TRUE,2011-02-23,2011-02-23,"PA_A208A","PA",208,"A","A","2010-2011","A/H1N1",0,0.0371293296785,"M54206","M54205"
"16",3,1077,"300331","300330",2011-02-20,2011-02-22,2011-02-21,TRUE,TRUE,TRUE,TRUE,TRUE,FALSE,TRUE,TRUE,TRUE,FALSE,3,TRUE,2011-02-23,2011-02-23,"PA_A208G","PA",208,"A","G","2010-2011","A/H1N1",1,0.962372290057,"M54206","M54205"
"17",3,1077,"300331","300330",2011-02-20,2011-02-22,2011-02-21,TRUE,TRUE,TRUE,TRUE,TRUE,FALSE,TRUE,TRUE,TRUE,FALSE,3,TRUE,2011-02-23,2011-02-23,"PA_A400A","PA",400,"A","A","2010-2011","A/H1N1",0,0.0265969538531,"M54206","M54205"
"18",3,1077,"300331","300330",2011-02-20,2011-02-22,2011-02-21,TRUE,TRUE,TRUE,TRUE,TRUE,FALSE,TRUE,TRUE,TRUE,FALSE,3,TRUE,2011-02-23,2011-02-23,"PA_A400G","PA",400,"A","G","2010-2011","A/H1N1",1,0.973062059559,"M54206","M54205"
"19",3,1077,"300331","300330",2011-02-20,2011-02-22,2011-02-21,TRUE,TRUE,TRUE,TRUE,TRUE,FALSE,TRUE,TRUE,TRUE,FALSE,3,TRUE,2011-02-23,2011-02-23,"PA_C472A","PA",472,"C","A","2010-2011","A/H1N1",1,0.976547364128,"M54206","M54205"
"20",3,1077,"300331","300330",2011-02-20,2011-02-22,2011-02-21,TRUE,TRUE,TRUE,TRUE,TRUE,FALSE,TRUE,TRUE,TRUE,FALSE,3,TRUE,2011-02-23,2011-02-23,"PA_C472C","PA",472,"C","C","2010-2011","A/H1N1",0,0.02284082798,"M54206","M54205"
"21",3,1077,"300331","300330",2011-02-20,2011-02-22,2011-02-21,TRUE,TRUE,TRUE,TRUE,TRUE,FALSE,TRUE,TRUE,TRUE,FALSE,3,TRUE,2011-02-23,2011-02-23,"PA_C691C","PA",691,"C","C","2010-2011","A/H1N1",0,0.0242333861497,"M54206","M54205"
"22",3,1077,"300331","300330",2011-02-20,2011-02-22,2011-02-21,TRUE,TRUE,TRUE,TRUE,TRUE,FALSE,TRUE,TRUE,TRUE,FALSE,3,TRUE,2011-02-23,2011-02-23,"PA_C691T","PA",691,"C","T","2010-2011","A/H1N1",1,0.97576661385,"M54206","M54205"
"23",3,1077,"300331","300330",2011-02-20,2011-02-22,2011-02-21,TRUE,TRUE,TRUE,TRUE,TRUE,FALSE,TRUE,TRUE,TRUE,FALSE,3,TRUE,2011-02-23,2011-02-23,"PA_G1678A","PA",1678,"G","A","2010-2011","A/H1N1",1,0.97600619195,"M54206","M54205"
"24",3,1077,"300331","300330",2011-02-20,2011-02-22,2011-02-21,TRUE,TRUE,TRUE,TRUE,TRUE,FALSE,TRUE,TRUE,TRUE,FALSE,3,TRUE,2011-02-23,2011-02-23,"PA_G1678G","PA",1678,"G","G","2010-2011","A/H1N1",0,0.0236498108015,"M54206","M54205"
"25",3,1077,"300331","300330",2011-02-20,2011-02-22,2011-02-21,TRUE,TRUE,TRUE,TRUE,TRUE,FALSE,TRUE,TRUE,TRUE,FALSE,3,TRUE,2011-02-23,2011-02-23,"PB1_A315A","PB1",315,"A","A","2010-2011","A/H1N1",0,0.0274128142741,"M54206","M54205"
"26",3,1077,"300331","300330",2011-02-20,2011-02-22,2011-02-21,TRUE,TRUE,TRUE,TRUE,TRUE,FALSE,TRUE,TRUE,TRUE,FALSE,3,TRUE,2011-02-23,2011-02-23,"PB1_A315G","PB1",315,"A","G","2010-2011","A/H1N1",1,0.971451743715,"M54206","M54205"
"27",3,1077,"300331","300330",2011-02-20,2011-02-22,2011-02-21,TRUE,TRUE,TRUE,TRUE,TRUE,FALSE,TRUE,TRUE,TRUE,FALSE,3,TRUE,2011-02-23,2011-02-23,"PB1_A495A","PB1",495,"A","A","2010-2011","A/H1N1",0,0.0257560078188,"M54206","M54205"
"28",3,1077,"300331","300330",2011-02-20,2011-02-22,2011-02-21,TRUE,TRUE,TRUE,TRUE,TRUE,FALSE,TRUE,TRUE,TRUE,FALSE,3,TRUE,2011-02-23,2011-02-23,"PB1_A495C","PB1",495,"A","C","2010-2011","A/H1N1",1,0.974129010003,"M54206","M54205"
"29",3,1077,"300331","300330",2011-02-20,2011-02-22,2011-02-21,TRUE,TRUE,TRUE,TRUE,TRUE,FALSE,TRUE,TRUE,TRUE,FALSE,3,TRUE,2011-02-23,2011-02-23,"PB2_C594C","PB2",594,"C","C","2010-2011","A/H1N1",0,0.020663744521,"M54206","M54205"
"30",3,1077,"300331","300330",2011-02-20,2011-02-22,2011-02-21,TRUE,TRUE,TRUE,TRUE,TRUE,FALSE,TRUE,TRUE,TRUE,FALSE,3,TRUE,2011-02-23,2011-02-23,"PB2_C594T","PB2",594,"C","T","2010-2011","A/H1N1",1,0.978799534842,"M54206","M54205"
"31",3,1077,"300331","300330",2011-02-20,2011-02-22,2011-02-21,TRUE,TRUE,TRUE,TRUE,TRUE,FALSE,TRUE,TRUE,TRUE,FALSE,3,TRUE,2011-02-23,2011-02-23,"PB2_T918C","PB2",918,"T","C","2010-2011","A/H1N1",0.38327738606,0.0208223762568,"M54206","M54205"
"32",3,1077,"300331","300330",2011-02-20,2011-02-22,2011-02-21,TRUE,TRUE,TRUE,TRUE,TRUE,FALSE,TRUE,TRUE,TRUE,FALSE,3,TRUE,2011-02-23,2011-02-23,"PB2_T918T","PB2",918,"T","T","2010-2011","A/H1N1",0.616380608251,0.978525345622,"M54206","M54205"
"33",4,1077,"300331","300332",2011-02-20,2011-02-22,2011-02-21,TRUE,TRUE,TRUE,TRUE,TRUE,FALSE,TRUE,TRUE,TRUE,FALSE,4,TRUE,2011-02-23,2011-02-23,"NP_G981A","NP",981,"G","A","2010-2011","A/H1N1",0.2542518546,0,"M54206","M54207"
"34",4,1077,"300331","300332",2011-02-20,2011-02-22,2011-02-21,TRUE,TRUE,TRUE,TRUE,TRUE,FALSE,TRUE,TRUE,TRUE,FALSE,4,TRUE,2011-02-23,2011-02-23,"NP_G981G","NP",981,"G","G","2010-2011","A/H1N1",0.744905154785,1,"M54206","M54207"
"35",4,1077,"300331","300332",2011-02-20,2011-02-22,2011-02-21,TRUE,TRUE,TRUE,TRUE,TRUE,FALSE,TRUE,TRUE,TRUE,FALSE,4,TRUE,2011-02-23,2011-02-23,"NP_A982A","NP",982,"A","A","2010-2011","A/H1N1",1,0.802738669238,"M54206","M54207"
"36",4,1077,"300331","300332",2011-02-20,2011-02-22,2011-02-21,TRUE,TRUE,TRUE,TRUE,TRUE,FALSE,TRUE,TRUE,TRUE,FALSE,4,TRUE,2011-02-23,2011-02-23,"NP_A982C","NP",982,"A","C","2010-2011","A/H1N1",0,0.196222925177,"M54206","M54207"
"37",4,1077,"300331","300332",2011-02-20,2011-02-22,2011-02-21,TRUE,TRUE,TRUE,TRUE,TRUE,FALSE,TRUE,TRUE,TRUE,FALSE,4,TRUE,2011-02-23,2011-02-23,"PB1_C310C","PB1",310,"C","C","2010-2011","A/H1N1",1,0.858483086681,"M54206","M54207"
"38",4,1077,"300331","300332",2011-02-20,2011-02-22,2011-02-21,TRUE,TRUE,TRUE,TRUE,TRUE,FALSE,TRUE,TRUE,TRUE,FALSE,4,TRUE,2011-02-23,2011-02-23,"PB1_C310T","PB1",310,"C","T","2010-2011","A/H1N1",0,0.139806981813,"M54206","M54207"
"39",4,1077,"300331","300332",2011-02-20,2011-02-22,2011-02-21,TRUE,TRUE,TRUE,TRUE,TRUE,FALSE,TRUE,TRUE,TRUE,FALSE,4,TRUE,2011-02-23,2011-02-23,"PB2_T918C","PB2",918,"T","C","2010-2011","A/H1N1",0.38327738606,0.823475258918,"M54206","M54207"
"40",4,1077,"300331","300332",2011-02-20,2011-02-22,2011-02-21,TRUE,TRUE,TRUE,TRUE,TRUE,FALSE,TRUE,TRUE,TRUE,FALSE,4,TRUE,2011-02-23,2011-02-23,"PB2_T918T","PB2",918,"T","T","2010-2011","A/H1N1",0.616380608251,0.176179516686,"M54206","M54207"
"41",22,1234,"301023","301024",2011-02-28,2011-03-01,2011-02-28,TRUE,TRUE,TRUE,TRUE,TRUE,FALSE,TRUE,TRUE,TRUE,FALSE,22,TRUE,2011-03-02,2011-03-02,"PB1_G117A","PB1",117,"G","A","2010-2011","A/H3N2",0.19627190774,0,"M54375","M54374"
"42",22,1234,"301023","301024",2011-02-28,2011-03-01,2011-02-28,TRUE,TRUE,TRUE,TRUE,TRUE,FALSE,TRUE,TRUE,TRUE,FALSE,22,TRUE,2011-03-02,2011-03-02,"PB1_G117G","PB1",117,"G","G","2010-2011","A/H3N2",0.803436078828,1,"M54375","M54374"
"43",43,2162,"321372","320645",2012-03-08,2012-03-11,2012-03-10,TRUE,TRUE,TRUE,TRUE,TRUE,FALSE,TRUE,TRUE,TRUE,FALSE,43,TRUE,2012-03-08,2012-03-12,"NP_A874A","NP",874,"A","A","2011-2012","A/H3N2",1,0.973123652238,"MH1205","MH1346"
"44",43,2162,"321372","320645",2012-03-08,2012-03-11,2012-03-10,TRUE,TRUE,TRUE,TRUE,TRUE,FALSE,TRUE,TRUE,TRUE,FALSE,43,TRUE,2012-03-08,2012-03-12,"NP_A874G","NP",874,"A","G","2011-2012","A/H3N2",0,0.0263243796573,"MH1205","MH1346"
"45",43,2162,"321372","320645",2012-03-08,2012-03-11,2012-03-10,TRUE,TRUE,TRUE,TRUE,TRUE,FALSE,TRUE,TRUE,TRUE,FALSE,43,TRUE,2012-03-08,2012-03-12,"NR_T394C","NR",394,"T","C","2011-2012","A/H3N2",0,0.269357311637,"MH1205","MH1346"
"46",43,2162,"321372","320645",2012-03-08,2012-03-11,2012-03-10,TRUE,TRUE,TRUE,TRUE,TRUE,FALSE,TRUE,TRUE,TRUE,FALSE,43,TRUE,2012-03-08,2012-03-12,"NR_T394T","NR",394,"T","T","2011-2012","A/H3N2",1,0.730308581091,"MH1205","MH1346"
"47",43,2162,"321372","320645",2012-03-08,2012-03-11,2012-03-10,TRUE,TRUE,TRUE,TRUE,TRUE,FALSE,TRUE,TRUE,TRUE,FALSE,43,TRUE,2012-03-08,2012-03-12,"NR_G828G","NR",828,"G","G","2011-2012","A/H3N2",1,0.862021120789,"MH1205","MH1346"
"48",43,2162,"321372","320645",2012-03-08,2012-03-11,2012-03-10,TRUE,TRUE,TRUE,TRUE,TRUE,FALSE,TRUE,TRUE,TRUE,FALSE,43,TRUE,2012-03-08,2012-03-12,"NR_G828T","NR",828,"G","T","2011-2012","A/H3N2",0,0.1374755843,"MH1205","MH1346"
"49",43,2162,"321372","320645",2012-03-08,2012-03-11,2012-03-10,TRUE,TRUE,TRUE,TRUE,TRUE,FALSE,TRUE,TRUE,TRUE,FALSE,43,TRUE,2012-03-08,2012-03-12,"NS_T193C","NS",193,"T","C","2011-2012","A/H3N2",0.976673427992,0,"MH1205","MH1346"
"50",43,2162,"321372","320645",2012-03-08,2012-03-11,2012-03-10,TRUE,TRUE,TRUE,TRUE,TRUE,FALSE,TRUE,TRUE,TRUE,FALSE,43,TRUE,2012-03-08,2012-03-12,"NS_T193T","NS",193,"T","T","2011-2012","A/H3N2",0.0228194726166,1,"MH1205","MH1346"
"51",43,2162,"321372","320645",2012-03-08,2012-03-11,2012-03-10,TRUE,TRUE,TRUE,TRUE,TRUE,FALSE,TRUE,TRUE,TRUE,FALSE,43,TRUE,2012-03-08,2012-03-12,"NS_A263C","NS",263,"A","C","2011-2012","A/H3N2",1,0,"MH1205","MH1346"
"52",43,2162,"321372","320645",2012-03-08,2012-03-11,2012-03-10,TRUE,TRUE,TRUE,TRUE,TRUE,FALSE,TRUE,TRUE,TRUE,FALSE,43,TRUE,2012-03-08,2012-03-12,"NS_A263A","NS",263,"A","A","2011-2012","A/H3N2",0,1,"MH1205","MH1346"
"53",43,2162,"321372","320645",2012-03-08,2012-03-11,2012-03-10,TRUE,TRUE,TRUE,TRUE,TRUE,FALSE,TRUE,TRUE,TRUE,FALSE,43,TRUE,2012-03-08,2012-03-12,"NS_G699A","NS",699,"G","A","2011-2012","A/H3N2",1,0,"MH1205","MH1346"
"54",43,2162,"321372","320645",2012-03-08,2012-03-11,2012-03-10,TRUE,TRUE,TRUE,TRUE,TRUE,FALSE,TRUE,TRUE,TRUE,FALSE,43,TRUE,2012-03-08,2012-03-12,"NS_G699G","NS",699,"G","G","2011-2012","A/H3N2",0,1,"MH1205","MH1346"
"55",43,2162,"321372","320645",2012-03-08,2012-03-11,2012-03-10,TRUE,TRUE,TRUE,TRUE,TRUE,FALSE,TRUE,TRUE,TRUE,FALSE,43,TRUE,2012-03-08,2012-03-12,"PB1_C1902C","PB1",1902,"C","C","2011-2012","A/H3N2",1,0.868784651941,"MH1205","MH1346"
"56",43,2162,"321372","320645",2012-03-08,2012-03-11,2012-03-10,TRUE,TRUE,TRUE,TRUE,TRUE,FALSE,TRUE,TRUE,TRUE,FALSE,43,TRUE,2012-03-08,2012-03-12,"PB1_C1902T","PB1",1902,"C","T","2011-2012","A/H3N2",0,0.130753164782,"MH1205","MH1346"
"57",43,2162,"321372","320645",2012-03-08,2012-03-11,2012-03-10,TRUE,TRUE,TRUE,TRUE,TRUE,FALSE,TRUE,TRUE,TRUE,FALSE,43,TRUE,2012-03-08,2012-03-12,"PB2_G1069A","PB2",1069,"G","A","2011-2012","A/H3N2",0,0.0451717869948,"MH1205","MH1346"
"58",43,2162,"321372","320645",2012-03-08,2012-03-11,2012-03-10,TRUE,TRUE,TRUE,TRUE,TRUE,FALSE,TRUE,TRUE,TRUE,FALSE,43,TRUE,2012-03-08,2012-03-12,"PB2_G1069G","PB2",1069,"G","G","2011-2012","A/H3N2",1,0.954507253261,"MH1205","MH1346"
"59",51,3034,"330136","330133",2013-01-19,2013-01-24,2013-01-23,TRUE,TRUE,TRUE,TRUE,TRUE,FALSE,TRUE,TRUE,TRUE,FALSE,51,TRUE,2013-01-21,2013-01-28,"PB1_A417A","PB1",417,"A","A","2012-2013","A/H3N2",1,0.244005981958,"MH3061","MH3270"
"60",51,3034,"330136","330133",2013-01-19,2013-01-24,2013-01-23,TRUE,TRUE,TRUE,TRUE,TRUE,FALSE,TRUE,TRUE,TRUE,FALSE,51,TRUE,2013-01-21,2013-01-28,"PB1_A417C","PB1",417,"A","C","2012-2013","A/H3N2",0,0.755270394134,"MH3061","MH3270"
"61",56,3111,"330441","331061",2013-01-02,2013-01-02,2013-01-01,TRUE,TRUE,TRUE,TRUE,TRUE,TRUE,TRUE,TRUE,TRUE,FALSE,56,TRUE,2013-01-04,2013-01-07,"NP_G1344A","NP",1344,"G","A","2012-2013","A/H3N2",0.244784202836,0,"MH2706","MH2737"
"62",56,3111,"330441","331061",2013-01-02,2013-01-02,2013-01-01,TRUE,TRUE,TRUE,TRUE,TRUE,TRUE,TRUE,TRUE,TRUE,FALSE,56,TRUE,2013-01-04,2013-01-07,"NP_G1344G","NP",1344,"G","G","2012-2013","A/H3N2",0.753263467549,1,"MH2706","MH2737"
"63",56,3111,"330441","331061",2013-01-02,2013-01-02,2013-01-01,TRUE,TRUE,TRUE,TRUE,TRUE,TRUE,TRUE,TRUE,TRUE,FALSE,56,TRUE,2013-01-04,2013-01-07,"NR_C834C","NR",834,"C","C","2012-2013","A/H3N2",1,0.969566608597,"MH2706","MH2737"
"64",56,3111,"330441","331061",2013-01-02,2013-01-02,2013-01-01,TRUE,TRUE,TRUE,TRUE,TRUE,TRUE,TRUE,TRUE,TRUE,FALSE,56,TRUE,2013-01-04,2013-01-07,"NR_C834T","NR",834,"C","T","2012-2013","A/H3N2",0,0.030090113646,"MH2706","MH2737"
"65",56,3111,"330441","331061",2013-01-02,2013-01-02,2013-01-01,TRUE,TRUE,TRUE,TRUE,TRUE,TRUE,TRUE,TRUE,TRUE,FALSE,56,TRUE,2013-01-04,2013-01-07,"NR_C925A","NR",925,"C","A","2012-2013","A/H3N2",0,0.0435569743186,"MH2706","MH2737"
"66",56,3111,"330441","331061",2013-01-02,2013-01-02,2013-01-01,TRUE,TRUE,TRUE,TRUE,TRUE,TRUE,TRUE,TRUE,TRUE,FALSE,56,TRUE,2013-01-04,2013-01-07,"NR_C925C","NR",925,"C","C","2012-2013","A/H3N2",1,0.9555257099,"MH2706","MH2737"
"67",56,3111,"330441","331061",2013-01-02,2013-01-02,2013-01-01,TRUE,TRUE,TRUE,TRUE,TRUE,TRUE,TRUE,TRUE,TRUE,FALSE,56,TRUE,2013-01-04,2013-01-07,"NS_G314A","NS",314,"G","A","2012-2013","A/H3N2",0,0.0204055618074,"MH2706","MH2737"
"68",56,3111,"330441","331061",2013-01-02,2013-01-02,2013-01-01,TRUE,TRUE,TRUE,TRUE,TRUE,TRUE,TRUE,TRUE,TRUE,FALSE,56,TRUE,2013-01-04,2013-01-07,"NS_G314G","NS",314,"G","G","2012-2013","A/H3N2",1,0.978886168911,"MH2706","MH2737"
"69",56,3111,"330441","331061",2013-01-02,2013-01-02,2013-01-01,TRUE,TRUE,TRUE,TRUE,TRUE,TRUE,TRUE,TRUE,TRUE,FALSE,56,TRUE,2013-01-04,2013-01-07,"NS_C672C","NS",672,"C","C","2012-2013","A/H3N2",1,0.949770190414,"MH2706","MH2737"
"70",56,3111,"330441","331061",2013-01-02,2013-01-02,2013-01-01,TRUE,TRUE,TRUE,TRUE,TRUE,TRUE,TRUE,TRUE,TRUE,FALSE,56,TRUE,2013-01-04,2013-01-07,"NS_C672T","NS",672,"C","T","2012-2013","A/H3N2",0,0.0498535396754,"MH2706","MH2737"
"71",56,3111,"330441","331061",2013-01-02,2013-01-02,2013-01-01,TRUE,TRUE,TRUE,TRUE,TRUE,TRUE,TRUE,TRUE,TRUE,FALSE,56,TRUE,2013-01-04,2013-01-07,"PB1_T844C","PB1",844,"T","C","2012-2013","A/H3N2",0,0.0617749564066,"MH2706","MH2737"
"72",56,3111,"330441","331061",2013-01-02,2013-01-02,2013-01-01,TRUE,TRUE,TRUE,TRUE,TRUE,TRUE,TRUE,TRUE,TRUE,FALSE,56,TRUE,2013-01-04,2013-01-07,"PB1_T844T","PB1",844,"T","T","2012-2013","A/H3N2",1,0.937721382774,"MH2706","MH2737"
"73",56,3111,"330441","331061",2013-01-02,2013-01-02,2013-01-01,TRUE,TRUE,TRUE,TRUE,TRUE,TRUE,TRUE,TRUE,TRUE,FALSE,56,TRUE,2013-01-04,2013-01-07,"PB1_G907A","PB1",907,"G","A","2012-2013","A/H3N2",0.0221180140336,0,"MH2706","MH2737"
"74",56,3111,"330441","331061",2013-01-02,2013-01-02,2013-01-01,TRUE,TRUE,TRUE,TRUE,TRUE,TRUE,TRUE,TRUE,TRUE,FALSE,56,TRUE,2013-01-04,2013-01-07,"PB1_G907G","PB1",907,"G","G","2012-2013","A/H3N2",0.977250944354,1,"MH2706","MH2737"
"75",56,3111,"330441","331061",2013-01-02,2013-01-02,2013-01-01,TRUE,TRUE,TRUE,TRUE,TRUE,TRUE,TRUE,TRUE,TRUE,FALSE,56,TRUE,2013-01-04,2013-01-07,"PB1_G2180A","PB1",2180,"G","A","2012-2013","A/H3N2",0.190678829115,0,"MH2706","MH2737"
"76",56,3111,"330441","331061",2013-01-02,2013-01-02,2013-01-01,TRUE,TRUE,TRUE,TRUE,TRUE,TRUE,TRUE,TRUE,TRUE,FALSE,56,TRUE,2013-01-04,2013-01-07,"PB1_G2180G","PB1",2180,"G","G","2012-2013","A/H3N2",0.807900130427,1,"MH2706","MH2737"
"77",56,3111,"330441","331061",2013-01-02,2013-01-02,2013-01-01,TRUE,TRUE,TRUE,TRUE,TRUE,TRUE,TRUE,TRUE,TRUE,FALSE,56,TRUE,2013-01-04,2013-01-07,"PB2_C987C","PB2",987,"C","C","2012-2013","A/H3N2",0.716619134042,0,"MH2706","MH2737"
"78",56,3111,"330441","331061",2013-01-02,2013-01-02,2013-01-01,TRUE,TRUE,TRUE,TRUE,TRUE,TRUE,TRUE,TRUE,TRUE,FALSE,56,TRUE,2013-01-04,2013-01-07,"PB2_C987T","PB2",987,"C","T","2012-2013","A/H3N2",0.28281320686,1,"MH2706","MH2737"
"79",73,4024,"UM41510","UM40095",2014-01-03,2014-01-04,2014-01-03,TRUE,TRUE,TRUE,TRUE,TRUE,FALSE,TRUE,TRUE,TRUE,FALSE,73,TRUE,2014-01-07,2014-01-07,"HA_G650A","HA",650,"G","A","2013-2014","A/H1N1",0.0242193827197,0,"MH5712","MH5709"
"80",73,4024,"UM41510","UM40095",2014-01-03,2014-01-04,2014-01-03,TRUE,TRUE,TRUE,TRUE,TRUE,FALSE,TRUE,TRUE,TRUE,FALSE,73,TRUE,2014-01-07,2014-01-07,"HA_G650G","HA",650,"G","G","2013-2014","A/H1N1",0.975386565971,1,"MH5712","MH5709"
"81",73,4024,"UM41510","UM40095",2014-01-03,2014-01-04,2014-01-03,TRUE,TRUE,TRUE,TRUE,TRUE,FALSE,TRUE,TRUE,TRUE,FALSE,73,TRUE,2014-01-07,2014-01-07,"HA_T1641C","HA",1641,"T","C","2013-2014","A/H1N1",1,0,"MH5712","MH5709"
"82",73,4024,"UM41510","UM40095",2014-01-03,2014-01-04,2014-01-03,TRUE,TRUE,TRUE,TRUE,TRUE,FALSE,TRUE,TRUE,TRUE,FALSE,73,TRUE,2014-01-07,2014-01-07,"HA_T1641T","HA",1641,"T","T","2013-2014","A/H1N1",0,1,"MH5712","MH5709"
"83",73,4024,"UM41510","UM40095",2014-01-03,2014-01-04,2014-01-03,TRUE,TRUE,TRUE,TRUE,TRUE,FALSE,TRUE,TRUE,TRUE,FALSE,73,TRUE,2014-01-07,2014-01-07,"NR_T506C","NR",506,"T","C","2013-2014","A/H1N1",0.0280651375576,0,"MH5712","MH5709"
"84",73,4024,"UM41510","UM40095",2014-01-03,2014-01-04,2014-01-03,TRUE,TRUE,TRUE,TRUE,TRUE,FALSE,TRUE,TRUE,TRUE,FALSE,73,TRUE,2014-01-07,2014-01-07,"NR_T506T","NR",506,"T","T","2013-2014","A/H1N1",0.970726813995,1,"MH5712","MH5709"
"85",73,4024,"UM41510","UM40095",2014-01-03,2014-01-04,2014-01-03,TRUE,TRUE,TRUE,TRUE,TRUE,FALSE,TRUE,TRUE,TRUE,FALSE,73,TRUE,2014-01-07,2014-01-07,"NR_G1347A","NR",1347,"G","A","2013-2014","A/H1N1",0,0.0318366404581,"MH5712","MH5709"
"86",73,4024,"UM41510","UM40095",2014-01-03,2014-01-04,2014-01-03,TRUE,TRUE,TRUE,TRUE,TRUE,FALSE,TRUE,TRUE,TRUE,FALSE,73,TRUE,2014-01-07,2014-01-07,"NR_G1347G","NR",1347,"G","G","2013-2014","A/H1N1",1,0.966362999299,"MH5712","MH5709"
"87",73,4024,"UM41510","UM40095",2014-01-03,2014-01-04,2014-01-03,TRUE,TRUE,TRUE,TRUE,TRUE,FALSE,TRUE,TRUE,TRUE,FALSE,73,TRUE,2014-01-07,2014-01-07,"PA_A342A","PA",342,"A","A","2013-2014","A/H1N1",0.969814849448,1,"MH5712","MH5709"
"88",73,4024,"UM41510","UM40095",2014-01-03,2014-01-04,2014-01-03,TRUE,TRUE,TRUE,TRUE,TRUE,FALSE,TRUE,TRUE,TRUE,FALSE,73,TRUE,2014-01-07,2014-01-07,"PA_A342G","PA",342,"A","G","2013-2014","A/H1N1",0.0295447927408,0,"MH5712","MH5709"
"89",73,4024,"UM41510","UM40095",2014-01-03,2014-01-04,2014-01-03,TRUE,TRUE,TRUE,TRUE,TRUE,FALSE,TRUE,TRUE,TRUE,FALSE,73,TRUE,2014-01-07,2014-01-07,"PA_T1150C","PA",1150,"T","C","2013-2014","A/H1N1",0.0254233348291,0,"MH5712","MH5709"
"90",73,4024,"UM41510","UM40095",2014-01-03,2014-01-04,2014-01-03,TRUE,TRUE,TRUE,TRUE,TRUE,FALSE,TRUE,TRUE,TRUE,FALSE,73,TRUE,2014-01-07,2014-01-07,"PA_T1150T","PA",1150,"T","T","2013-2014","A/H1N1",0.974180214085,1,"MH5712","MH5709"
"91",73,4024,"UM41510","UM40095",2014-01-03,2014-01-04,2014-01-03,TRUE,TRUE,TRUE,TRUE,TRUE,FALSE,TRUE,TRUE,TRUE,FALSE,73,TRUE,2014-01-07,2014-01-07,"PA_C1225A","PA",1225,"C","A","2013-2014","A/H1N1",0,0.038668870637,"MH5712","MH5709"
"92",73,4024,"UM41510","UM40095",2014-01-03,2014-01-04,2014-01-03,TRUE,TRUE,TRUE,TRUE,TRUE,FALSE,TRUE,TRUE,TRUE,FALSE,73,TRUE,2014-01-07,2014-01-07,"PA_C1225C","PA",1225,"C","C","2013-2014","A/H1N1",1,0.960554951034,"MH5712","MH5709"
"93",73,4024,"UM41510","UM40095",2014-01-03,2014-01-04,2014-01-03,TRUE,TRUE,TRUE,TRUE,TRUE,FALSE,TRUE,TRUE,TRUE,FALSE,73,TRUE,2014-01-07,2014-01-07,"PA_T1588C","PA",1588,"T","C","2013-2014","A/H1N1",0,0.131114783888,"MH5712","MH5709"
"94",73,4024,"UM41510","UM40095",2014-01-03,2014-01-04,2014-01-03,TRUE,TRUE,TRUE,TRUE,TRUE,FALSE,TRUE,TRUE,TRUE,FALSE,73,TRUE,2014-01-07,2014-01-07,"PA_T1588T","PA",1588,"T","T","2013-2014","A/H1N1",1,0.868299901348,"MH5712","MH5709"
"95",73,4024,"UM41510","UM40095",2014-01-03,2014-01-04,2014-01-03,TRUE,TRUE,TRUE,TRUE,TRUE,FALSE,TRUE,TRUE,TRUE,FALSE,73,TRUE,2014-01-07,2014-01-07,"PA_G1852A","PA",1852,"G","A","2013-2014","A/H1N1",0,0.0220598891279,"MH5712","MH5709"
"96",73,4024,"UM41510","UM40095",2014-01-03,2014-01-04,2014-01-03,TRUE,TRUE,TRUE,TRUE,TRUE,FALSE,TRUE,TRUE,TRUE,FALSE,73,TRUE,2014-01-07,2014-01-07,"PA_G1852G","PA",1852,"G","G","2013-2014","A/H1N1",1,0.977263804119,"MH5712","MH5709"
"97",73,4024,"UM41510","UM40095",2014-01-03,2014-01-04,2014-01-03,TRUE,TRUE,TRUE,TRUE,TRUE,FALSE,TRUE,TRUE,TRUE,FALSE,73,TRUE,2014-01-07,2014-01-07,"PB1_A904A","PB1",904,"A","A","2013-2014","A/H1N1",0.929840606219,1,"MH5712","MH5709"
"98",73,4024,"UM41510","UM40095",2014-01-03,2014-01-04,2014-01-03,TRUE,TRUE,TRUE,TRUE,TRUE,FALSE,TRUE,TRUE,TRUE,FALSE,73,TRUE,2014-01-07,2014-01-07,"PB1_A904G","PB1",904,"A","G","2013-2014","A/H1N1",0.0692716158236,0,"MH5712","MH5709"
"99",73,4024,"UM41510","UM40095",2014-01-03,2014-01-04,2014-01-03,TRUE,TRUE,TRUE,TRUE,TRUE,FALSE,TRUE,TRUE,TRUE,FALSE,73,TRUE,2014-01-07,2014-01-07,"PB1_C1707C","PB1",1707,"C","C","2013-2014","A/H1N1",0.945211352139,1,"MH5712","MH5709"
"100",73,4024,"UM41510","UM40095",2014-01-03,2014-01-04,2014-01-03,TRUE,TRUE,TRUE,TRUE,TRUE,FALSE,TRUE,TRUE,TRUE,FALSE,73,TRUE,2014-01-07,2014-01-07,"PB1_C1707T","PB1",1707,"C","T","2013-2014","A/H1N1",0.0531150684198,0,"MH5712","MH5709"
"101",73,4024,"UM41510","UM40095",2014-01-03,2014-01-04,2014-01-03,TRUE,TRUE,TRUE,TRUE,TRUE,FALSE,TRUE,TRUE,TRUE,FALSE,73,TRUE,2014-01-07,2014-01-07,"PB1_G1737A","PB1",1737,"G","A","2013-2014","A/H1N1",0.118328348245,0,"MH5712","MH5709"
"102",73,4024,"UM41510","UM40095",2014-01-03,2014-01-04,2014-01-03,TRUE,TRUE,TRUE,TRUE,TRUE,FALSE,TRUE,TRUE,TRUE,FALSE,73,TRUE,2014-01-07,2014-01-07,"PB1_G1737G","PB1",1737,"G","G","2013-2014","A/H1N1",0.880418410042,1,"MH5712","MH5709"
"103",73,4024,"UM41510","UM40095",2014-01-03,2014-01-04,2014-01-03,TRUE,TRUE,TRUE,TRUE,TRUE,FALSE,TRUE,TRUE,TRUE,FALSE,73,TRUE,2014-01-07,2014-01-07,"PB2_G1650A","PB2",1650,"G","A","2013-2014","A/H1N1",0,0.0379162603346,"MH5712","MH5709"
"104",73,4024,"UM41510","UM40095",2014-01-03,2014-01-04,2014-01-03,TRUE,TRUE,TRUE,TRUE,TRUE,FALSE,TRUE,TRUE,TRUE,FALSE,73,TRUE,2014-01-07,2014-01-07,"PB2_G1650G","PB2",1650,"G","G","2013-2014","A/H1N1",1,0.954431599229,"MH5712","MH5709"
"105",75,4024,"UM40093","UM41510",2014-01-01,2014-01-03,2014-01-02,TRUE,TRUE,TRUE,TRUE,TRUE,FALSE,TRUE,TRUE,TRUE,FALSE,75,TRUE,2014-01-03,2014-01-07,"HA_G650A","HA",650,"G","A","2013-2014","A/H1N1",0,0.0242193827197,"MH5680","MH5712"
"106",75,4024,"UM40093","UM41510",2014-01-01,2014-01-03,2014-01-02,TRUE,TRUE,TRUE,TRUE,TRUE,FALSE,TRUE,TRUE,TRUE,FALSE,75,TRUE,2014-01-03,2014-01-07,"HA_G650G","HA",650,"G","G","2013-2014","A/H1N1",1,0.975386565971,"MH5680","MH5712"
"107",75,4024,"UM40093","UM41510",2014-01-01,2014-01-03,2014-01-02,TRUE,TRUE,TRUE,TRUE,TRUE,FALSE,TRUE,TRUE,TRUE,FALSE,75,TRUE,2014-01-03,2014-01-07,"HA_T1641C","HA",1641,"T","C","2013-2014","A/H1N1",0,1,"MH5680","MH5712"
"108",75,4024,"UM40093","UM41510",2014-01-01,2014-01-03,2014-01-02,TRUE,TRUE,TRUE,TRUE,TRUE,FALSE,TRUE,TRUE,TRUE,FALSE,75,TRUE,2014-01-03,2014-01-07,"HA_T1641T","HA",1641,"T","T","2013-2014","A/H1N1",1,0,"MH5680","MH5712"
"109",75,4024,"UM40093","UM41510",2014-01-01,2014-01-03,2014-01-02,TRUE,TRUE,TRUE,TRUE,TRUE,FALSE,TRUE,TRUE,TRUE,FALSE,75,TRUE,2014-01-03,2014-01-07,"NR_T506C","NR",506,"T","C","2013-2014","A/H1N1",0,0.0280651375576,"MH5680","MH5712"
"110",75,4024,"UM40093","UM41510",2014-01-01,2014-01-03,2014-01-02,TRUE,TRUE,TRUE,TRUE,TRUE,FALSE,TRUE,TRUE,TRUE,FALSE,75,TRUE,2014-01-03,2014-01-07,"NR_T506T","NR",506,"T","T","2013-2014","A/H1N1",1,0.970726813995,"MH5680","MH5712"
"111",75,4024,"UM40093","UM41510",2014-01-01,2014-01-03,2014-01-02,TRUE,TRUE,TRUE,TRUE,TRUE,FALSE,TRUE,TRUE,TRUE,FALSE,75,TRUE,2014-01-03,2014-01-07,"PA_A342A","PA",342,"A","A","2013-2014","A/H1N1",1,0.969814849448,"MH5680","MH5712"
"112",75,4024,"UM40093","UM41510",2014-01-01,2014-01-03,2014-01-02,TRUE,TRUE,TRUE,TRUE,TRUE,FALSE,TRUE,TRUE,TRUE,FALSE,75,TRUE,2014-01-03,2014-01-07,"PA_A342G","PA",342,"A","G","2013-2014","A/H1N1",0,0.0295447927408,"MH5680","MH5712"
"113",75,4024,"UM40093","UM41510",2014-01-01,2014-01-03,2014-01-02,TRUE,TRUE,TRUE,TRUE,TRUE,FALSE,TRUE,TRUE,TRUE,FALSE,75,TRUE,2014-01-03,2014-01-07,"PA_T1150C","PA",1150,"T","C","2013-2014","A/H1N1",0,0.0254233348291,"MH5680","MH5712"
"114",75,4024,"UM40093","UM41510",2014-01-01,2014-01-03,2014-01-02,TRUE,TRUE,TRUE,TRUE,TRUE,FALSE,TRUE,TRUE,TRUE,FALSE,75,TRUE,2014-01-03,2014-01-07,"PA_T1150T","PA",1150,"T","T","2013-2014","A/H1N1",1,0.974180214085,"MH5680","MH5712"
"115",75,4024,"UM40093","UM41510",2014-01-01,2014-01-03,2014-01-02,TRUE,TRUE,TRUE,TRUE,TRUE,FALSE,TRUE,TRUE,TRUE,FALSE,75,TRUE,2014-01-03,2014-01-07,"PA_T1936A","PA",1936,"T","A","2013-2014","A/H1N1",0.0302867619845,0,"MH5680","MH5712"
"116",75,4024,"UM40093","UM41510",2014-01-01,2014-01-03,2014-01-02,TRUE,TRUE,TRUE,TRUE,TRUE,FALSE,TRUE,TRUE,TRUE,FALSE,75,TRUE,2014-01-03,2014-01-07,"PA_T1936T","PA",1936,"T","T","2013-2014","A/H1N1",0.968505425536,1,"MH5680","MH5712"
"117",75,4024,"UM40093","UM41510",2014-01-01,2014-01-03,2014-01-02,TRUE,TRUE,TRUE,TRUE,TRUE,FALSE,TRUE,TRUE,TRUE,FALSE,75,TRUE,2014-01-03,2014-01-07,"PB1_A904A","PB1",904,"A","A","2013-2014","A/H1N1",1,0.929840606219,"MH5680","MH5712"
"118",75,4024,"UM40093","UM41510",2014-01-01,2014-01-03,2014-01-02,TRUE,TRUE,TRUE,TRUE,TRUE,FALSE,TRUE,TRUE,TRUE,FALSE,75,TRUE,2014-01-03,2014-01-07,"PB1_A904G","PB1",904,"A","G","2013-2014","A/H1N1",0,0.0692716158236,"MH5680","MH5712"
"119",75,4024,"UM40093","UM41510",2014-01-01,2014-01-03,2014-01-02,TRUE,TRUE,TRUE,TRUE,TRUE,FALSE,TRUE,TRUE,TRUE,FALSE,75,TRUE,2014-01-03,2014-01-07,"PB1_C1707C","PB1",1707,"C","C","2013-2014","A/H1N1",1,0.945211352139,"MH5680","MH5712"
"120",75,4024,"UM40093","UM41510",2014-01-01,2014-01-03,2014-01-02,TRUE,TRUE,TRUE,TRUE,TRUE,FALSE,TRUE,TRUE,TRUE,FALSE,75,TRUE,2014-01-03,2014-01-07,"PB1_C1707T","PB1",1707,"C","T","2013-2014","A/H1N1",0,0.0531150684198,"MH5680","MH5712"
"121",75,4024,"UM40093","UM41510",2014-01-01,2014-01-03,2014-01-02,TRUE,TRUE,TRUE,TRUE,TRUE,FALSE,TRUE,TRUE,TRUE,FALSE,75,TRUE,2014-01-03,2014-01-07,"PB1_G1737A","PB1",1737,"G","A","2013-2014","A/H1N1",0,0.118328348245,"MH5680","MH5712"
"122",75,4024,"UM40093","UM41510",2014-01-01,2014-01-03,2014-01-02,TRUE,TRUE,TRUE,TRUE,TRUE,FALSE,TRUE,TRUE,TRUE,FALSE,75,TRUE,2014-01-03,2014-01-07,"PB1_G1737G","PB1",1737,"G","G","2013-2014","A/H1N1",1,0.880418410042,"MH5680","MH5712"
"123",75,4024,"UM40093","UM41510",2014-01-01,2014-01-03,2014-01-02,TRUE,TRUE,TRUE,TRUE,TRUE,FALSE,TRUE,TRUE,TRUE,FALSE,75,TRUE,2014-01-03,2014-01-07,"PB2_C678C","PB2",678,"C","C","2013-2014","A/H1N1",0.975926577528,1,"MH5680","MH5712"
"124",75,4024,"UM40093","UM41510",2014-01-01,2014-01-03,2014-01-02,TRUE,TRUE,TRUE,TRUE,TRUE,FALSE,TRUE,TRUE,TRUE,FALSE,75,TRUE,2014-01-03,2014-01-07,"PB2_C678T","PB2",678,"C","T","2013-2014","A/H1N1",0.0233398308714,0,"MH5680","MH5712"
"125",84,4113,"UM41554","UM41553",2013-11-26,2013-11-28,2013-11-27,TRUE,TRUE,TRUE,TRUE,TRUE,FALSE,TRUE,TRUE,TRUE,FALSE,84,TRUE,2013-11-27,2013-12-02,"HA_G455A","HA",455,"G","A","2013-2014","A/H1N1",0,0.218282664535,"MH5295","MH5300"
"126",84,4113,"UM41554","UM41553",2013-11-26,2013-11-28,2013-11-27,TRUE,TRUE,TRUE,TRUE,TRUE,FALSE,TRUE,TRUE,TRUE,FALSE,84,TRUE,2013-11-27,2013-12-02,"HA_G455G","HA",455,"G","G","2013-2014","A/H1N1",1,0.781391317456,"MH5295","MH5300"
"127",84,4113,"UM41554","UM41553",2013-11-26,2013-11-28,2013-11-27,TRUE,TRUE,TRUE,TRUE,TRUE,FALSE,TRUE,TRUE,TRUE,FALSE,84,TRUE,2013-11-27,2013-12-02,"NS_G543A","NS",543,"G","A","2013-2014","A/H1N1",1,0,"MH5295","MH5300"
"128",84,4113,"UM41554","UM41553",2013-11-26,2013-11-28,2013-11-27,TRUE,TRUE,TRUE,TRUE,TRUE,FALSE,TRUE,TRUE,TRUE,FALSE,84,TRUE,2013-11-27,2013-12-02,"NS_G543G","NS",543,"G","G","2013-2014","A/H1N1",0,1,"MH5295","MH5300"
"129",84,4113,"UM41554","UM41553",2013-11-26,2013-11-28,2013-11-27,TRUE,TRUE,TRUE,TRUE,TRUE,FALSE,TRUE,TRUE,TRUE,FALSE,84,TRUE,2013-11-27,2013-12-02,"PA_T218C","PA",218,"T","C","2013-2014","A/H1N1",1,0,"MH5295","MH5300"
"130",84,4113,"UM41554","UM41553",2013-11-26,2013-11-28,2013-11-27,TRUE,TRUE,TRUE,TRUE,TRUE,FALSE,TRUE,TRUE,TRUE,FALSE,84,TRUE,2013-11-27,2013-12-02,"PA_T218T","PA",218,"T","T","2013-2014","A/H1N1",0,1,"MH5295","MH5300"
"131",84,4113,"UM41554","UM41553",2013-11-26,2013-11-28,2013-11-27,TRUE,TRUE,TRUE,TRUE,TRUE,FALSE,TRUE,TRUE,TRUE,FALSE,84,TRUE,2013-11-27,2013-12-02,"PA_C676C","PA",676,"C","C","2013-2014","A/H1N1",0.498412133084,1,"MH5295","MH5300"
"132",84,4113,"UM41554","UM41553",2013-11-26,2013-11-28,2013-11-27,TRUE,TRUE,TRUE,TRUE,TRUE,FALSE,TRUE,TRUE,TRUE,FALSE,84,TRUE,2013-11-27,2013-12-02,"PA_C676T","PA",676,"C","T","2013-2014","A/H1N1",0.501023951563,0,"MH5295","MH5300"
"133",84,4113,"UM41554","UM41553",2013-11-26,2013-11-28,2013-11-27,TRUE,TRUE,TRUE,TRUE,TRUE,FALSE,TRUE,TRUE,TRUE,FALSE,84,TRUE,2013-11-27,2013-12-02,"PA_G1699A","PA",1699,"G","A","2013-2014","A/H1N1",0,0.0255279958275,"MH5295","MH5300"
"134",84,4113,"UM41554","UM41553",2013-11-26,2013-11-28,2013-11-27,TRUE,TRUE,TRUE,TRUE,TRUE,FALSE,TRUE,TRUE,TRUE,FALSE,84,TRUE,2013-11-27,2013-12-02,"PA_G1699G","PA",1699,"G","G","2013-2014","A/H1N1",1,0.973598258029,"MH5295","MH5300"
"135",84,4113,"UM41554","UM41553",2013-11-26,2013-11-28,2013-11-27,TRUE,TRUE,TRUE,TRUE,TRUE,FALSE,TRUE,TRUE,TRUE,FALSE,84,TRUE,2013-11-27,2013-12-02,"PA_A2041G","PA",2041,"A","G","2013-2014","A/H1N1",0,1,"MH5295","MH5300"
"136",84,4113,"UM41554","UM41553",2013-11-26,2013-11-28,2013-11-27,TRUE,TRUE,TRUE,TRUE,TRUE,FALSE,TRUE,TRUE,TRUE,FALSE,84,TRUE,2013-11-27,2013-12-02,"PA_A2041A","PA",2041,"A","A","2013-2014","A/H1N1",1,0,"MH5295","MH5300"
"137",85,4113,"UM40449","UM41554",2013-11-19,2013-11-26,2013-11-25,TRUE,TRUE,TRUE,TRUE,TRUE,FALSE,TRUE,TRUE,TRUE,FALSE,85,TRUE,2013-11-20,2013-11-27,"NS_G543A","NS",543,"G","A","2013-2014","A/H1N1",0,1,"MH5245","MH5295"
"138",85,4113,"UM40449","UM41554",2013-11-19,2013-11-26,2013-11-25,TRUE,TRUE,TRUE,TRUE,TRUE,FALSE,TRUE,TRUE,TRUE,FALSE,85,TRUE,2013-11-20,2013-11-27,"NS_G543G","NS",543,"G","G","2013-2014","A/H1N1",1,0,"MH5245","MH5295"
"139",85,4113,"UM40449","UM41554",2013-11-19,2013-11-26,2013-11-25,TRUE,TRUE,TRUE,TRUE,TRUE,FALSE,TRUE,TRUE,TRUE,FALSE,85,TRUE,2013-11-20,2013-11-27,"PA_T218C","PA",218,"T","C","2013-2014","A/H1N1",0,1,"MH5245","MH5295"
"140",85,4113,"UM40449","UM41554",2013-11-19,2013-11-26,2013-11-25,TRUE,TRUE,TRUE,TRUE,TRUE,FALSE,TRUE,TRUE,TRUE,FALSE,85,TRUE,2013-11-20,2013-11-27,"PA_T218T","PA",218,"T","T","2013-2014","A/H1N1",1,0,"MH5245","MH5295"
"141",85,4113,"UM40449","UM41554",2013-11-19,2013-11-26,2013-11-25,TRUE,TRUE,TRUE,TRUE,TRUE,FALSE,TRUE,TRUE,TRUE,FALSE,85,TRUE,2013-11-20,2013-11-27,"PA_C676C","PA",676,"C","C","2013-2014","A/H1N1",1,0.498412133084,"MH5245","MH5295"
"142",85,4113,"UM40449","UM41554",2013-11-19,2013-11-26,2013-11-25,TRUE,TRUE,TRUE,TRUE,TRUE,FALSE,TRUE,TRUE,TRUE,FALSE,85,TRUE,2013-11-20,2013-11-27,"PA_C676T","PA",676,"C","T","2013-2014","A/H1N1",0,0.501023951563,"MH5245","MH5295"
"143",86,4115,"UM40460","UM40457",2013-12-27,2013-12-29,2013-12-28,TRUE,TRUE,TRUE,TRUE,TRUE,FALSE,TRUE,TRUE,TRUE,FALSE,86,TRUE,2013-12-30,2013-12-30,"HA_T89C","HA",89,"T","C","2013-2014","A/H1N1",0,0.0333888290793,"MH5646","MH5645"
"144",86,4115,"UM40460","UM40457",2013-12-27,2013-12-29,2013-12-28,TRUE,TRUE,TRUE,TRUE,TRUE,FALSE,TRUE,TRUE,TRUE,FALSE,86,TRUE,2013-12-30,2013-12-30,"HA_T89T","HA",89,"T","T","2013-2014","A/H1N1",1,0.965899753492,"MH5646","MH5645"
"145",86,4115,"UM40460","UM40457",2013-12-27,2013-12-29,2013-12-28,TRUE,TRUE,TRUE,TRUE,TRUE,FALSE,TRUE,TRUE,TRUE,FALSE,86,TRUE,2013-12-30,2013-12-30,"PA_C640C","PA",640,"C","C","2013-2014","A/H1N1",0.971704650447,1,"MH5646","MH5645"
"146",86,4115,"UM40460","UM40457",2013-12-27,2013-12-29,2013-12-28,TRUE,TRUE,TRUE,TRUE,TRUE,FALSE,TRUE,TRUE,TRUE,FALSE,86,TRUE,2013-12-30,2013-12-30,"PA_C640T","PA",640,"C","T","2013-2014","A/H1N1",0.0277332266909,0,"MH5646","MH5645"
"147",105,5001,"50001","50003",2014-12-25,2014-12-25,2014-12-24,TRUE,TRUE,TRUE,TRUE,TRUE,TRUE,TRUE,TRUE,TRUE,FALSE,105,TRUE,2014-12-25,2014-12-31,"PA_G292A","PA",292,"G","A","2014-2015","A/H3N2",0.088459720965,0,"HS1563","MH8690"
"148",105,5001,"50001","50003",2014-12-25,2014-12-25,2014-12-24,TRUE,TRUE,TRUE,TRUE,TRUE,TRUE,TRUE,TRUE,TRUE,FALSE,105,TRUE,2014-12-25,2014-12-31,"PA_G292G","PA",292,"G","G","2014-2015","A/H3N2",0.910545279846,1,"HS1563","MH8690"
"149",105,5001,"50001","50003",2014-12-25,2014-12-25,2014-12-24,TRUE,TRUE,TRUE,TRUE,TRUE,TRUE,TRUE,TRUE,TRUE,FALSE,105,TRUE,2014-12-25,2014-12-31,"PA_A1848A","PA",1848,"A","A","2014-2015","A/H3N2",0,0.12118464793,"HS1563","MH8690"
"150",105,5001,"50001","50003",2014-12-25,2014-12-25,2014-12-24,TRUE,TRUE,TRUE,TRUE,TRUE,TRUE,TRUE,TRUE,TRUE,FALSE,105,TRUE,2014-12-25,2014-12-31,"PA_A1848G","PA",1848,"A","G","2014-2015","A/H3N2",1,0.878513145966,"HS1563","MH8690"
"151",105,5001,"50001","50003",2014-12-25,2014-12-25,2014-12-24,TRUE,TRUE,TRUE,TRUE,TRUE,TRUE,TRUE,TRUE,TRUE,FALSE,105,TRUE,2014-12-25,2014-12-31,"PB1_G1852A","PB1",1852,"G","A","2014-2015","A/H3N2",0,0.0428052289357,"HS1563","MH8690"
"152",105,5001,"50001","50003",2014-12-25,2014-12-25,2014-12-24,TRUE,TRUE,TRUE,TRUE,TRUE,TRUE,TRUE,TRUE,TRUE,FALSE,105,TRUE,2014-12-25,2014-12-31,"PB1_G1852G","PB1",1852,"G","G","2014-2015","A/H3N2",1,0.95704845815,"HS1563","MH8690"
"153",105,5001,"50001","50003",2014-12-25,2014-12-25,2014-12-24,TRUE,TRUE,TRUE,TRUE,TRUE,TRUE,TRUE,TRUE,TRUE,FALSE,105,TRUE,2014-12-25,2014-12-31,"PB2_G1099A","PB2",1099,"G","A","2014-2015","A/H3N2",0.0999685429417,0,"HS1563","MH8690"
"154",105,5001,"50001","50003",2014-12-25,2014-12-25,2014-12-24,TRUE,TRUE,TRUE,TRUE,TRUE,TRUE,TRUE,TRUE,TRUE,FALSE,105,TRUE,2014-12-25,2014-12-31,"PB2_G1099G","PB2",1099,"G","G","2014-2015","A/H3N2",0.89923195999,1,"HS1563","MH8690"
"155",106,5001,"50001","50004",2014-12-25,2014-12-25,2014-12-24,TRUE,TRUE,TRUE,TRUE,TRUE,TRUE,TRUE,TRUE,TRUE,FALSE,106,TRUE,2014-12-25,2014-12-25,"PA_G292A","PA",292,"G","A","2014-2015","A/H3N2",0.088459720965,0,"HS1563","HS1564"
"156",106,5001,"50001","50004",2014-12-25,2014-12-25,2014-12-24,TRUE,TRUE,TRUE,TRUE,TRUE,TRUE,TRUE,TRUE,TRUE,FALSE,106,TRUE,2014-12-25,2014-12-25,"PA_G292G","PA",292,"G","G","2014-2015","A/H3N2",0.910545279846,1,"HS1563","HS1564"
"157",106,5001,"50001","50004",2014-12-25,2014-12-25,2014-12-24,TRUE,TRUE,TRUE,TRUE,TRUE,TRUE,TRUE,TRUE,TRUE,FALSE,106,TRUE,2014-12-25,2014-12-25,"PB2_G1099A","PB2",1099,"G","A","2014-2015","A/H3N2",0.0999685429417,0,"HS1563","HS1564"
"158",106,5001,"50001","50004",2014-12-25,2014-12-25,2014-12-24,TRUE,TRUE,TRUE,TRUE,TRUE,TRUE,TRUE,TRUE,TRUE,FALSE,106,TRUE,2014-12-25,2014-12-25,"PB2_G1099G","PB2",1099,"G","G","2014-2015","A/H3N2",0.89923195999,1,"HS1563","HS1564"
"159",106,5001,"50001","50004",2014-12-25,2014-12-25,2014-12-24,TRUE,TRUE,TRUE,TRUE,TRUE,TRUE,TRUE,TRUE,TRUE,FALSE,106,TRUE,2014-12-25,2014-12-25,"PB2_A2211A","PB2",2211,"A","A","2014-2015","A/H3N2",1,0.95006090134,"HS1563","HS1564"
"160",106,5001,"50001","50004",2014-12-25,2014-12-25,2014-12-24,TRUE,TRUE,TRUE,TRUE,TRUE,TRUE,TRUE,TRUE,TRUE,FALSE,106,TRUE,2014-12-25,2014-12-25,"PB2_A2211G","PB2",2211,"A","G","2014-2015","A/H3N2",0,0.0491766129568,"HS1563","HS1564"
"161",107,5001,"50003","50004",2014-12-25,2014-12-25,2014-12-24,TRUE,TRUE,TRUE,TRUE,TRUE,TRUE,TRUE,TRUE,TRUE,FALSE,107,TRUE,2014-12-31,2014-12-25,"PA_A1848A","PA",1848,"A","A","2014-2015","A/H3N2",0.12118464793,0,"MH8690","HS1564"
"162",107,5001,"50003","50004",2014-12-25,2014-12-25,2014-12-24,TRUE,TRUE,TRUE,TRUE,TRUE,TRUE,TRUE,TRUE,TRUE,FALSE,107,TRUE,2014-12-31,2014-12-25,"PA_A1848G","PA",1848,"A","G","2014-2015","A/H3N2",0.878513145966,1,"MH8690","HS1564"
"163",107,5001,"50003","50004",2014-12-25,2014-12-25,2014-12-24,TRUE,TRUE,TRUE,TRUE,TRUE,TRUE,TRUE,TRUE,TRUE,FALSE,107,TRUE,2014-12-31,2014-12-25,"PB1_G1852A","PB1",1852,"G","A","2014-2015","A/H3N2",0.0428052289357,0,"MH8690","HS1564"
"164",107,5001,"50003","50004",2014-12-25,2014-12-25,2014-12-24,TRUE,TRUE,TRUE,TRUE,TRUE,TRUE,TRUE,TRUE,TRUE,FALSE,107,TRUE,2014-12-31,2014-12-25,"PB1_G1852G","PB1",1852,"G","G","2014-2015","A/H3N2",0.95704845815,1,"MH8690","HS1564"
"165",107,5001,"50003","50004",2014-12-25,2014-12-25,2014-12-24,TRUE,TRUE,TRUE,TRUE,TRUE,TRUE,TRUE,TRUE,TRUE,FALSE,107,TRUE,2014-12-31,2014-12-25,"PB2_A2211A","PB2",2211,"A","A","2014-2015","A/H3N2",1,0.95006090134,"MH8690","HS1564"
"166",107,5001,"50003","50004",2014-12-25,2014-12-25,2014-12-24,TRUE,TRUE,TRUE,TRUE,TRUE,TRUE,TRUE,TRUE,TRUE,FALSE,107,TRUE,2014-12-31,2014-12-25,"PB2_A2211G","PB2",2211,"A","G","2014-2015","A/H3N2",0,0.0491766129568,"MH8690","HS1564"
"167",108,5002,"50006","50007",2014-12-07,2014-12-07,2014-12-06,TRUE,TRUE,TRUE,TRUE,TRUE,TRUE,TRUE,TRUE,TRUE,FALSE,108,TRUE,2014-12-07,2014-12-08,"NR_C449C","NR",449,"C","C","2014-2015","A/H3N2",1,0.972440562834,"HS1394","MH7843"
"168",108,5002,"50006","50007",2014-12-07,2014-12-07,2014-12-06,TRUE,TRUE,TRUE,TRUE,TRUE,TRUE,TRUE,TRUE,TRUE,FALSE,108,TRUE,2014-12-07,2014-12-08,"NR_C449T","NR",449,"C","T","2014-2015","A/H3N2",0,0.0267244631601,"HS1394","MH7843"
"169",117,5070,"50307","50305",2014-11-29,2014-12-05,2014-12-04,TRUE,TRUE,TRUE,TRUE,TRUE,FALSE,TRUE,TRUE,TRUE,FALSE,117,TRUE,2014-11-30,2014-12-07,"HA_C273C","HA",273,"C","C","2014-2015","A/H3N2",1,0.948241925382,"HS1345","HS1416"
"170",117,5070,"50307","50305",2014-11-29,2014-12-05,2014-12-04,TRUE,TRUE,TRUE,TRUE,TRUE,FALSE,TRUE,TRUE,TRUE,FALSE,117,TRUE,2014-11-30,2014-12-07,"HA_C273T","HA",273,"C","T","2014-2015","A/H3N2",0,0.0511608590998,"HS1345","HS1416"
"171",117,5070,"50307","50305",2014-11-29,2014-12-05,2014-12-04,TRUE,TRUE,TRUE,TRUE,TRUE,FALSE,TRUE,TRUE,TRUE,FALSE,117,TRUE,2014-11-30,2014-12-07,"NP_A1011A","NP",1011,"A","A","2014-2015","A/H3N2",1,0.272598938811,"HS1345","HS1416"
"172",117,5070,"50307","50305",2014-11-29,2014-12-05,2014-12-04,TRUE,TRUE,TRUE,TRUE,TRUE,FALSE,TRUE,TRUE,TRUE,FALSE,117,TRUE,2014-11-30,2014-12-07,"NP_A1011C","NP",1011,"A","C","2014-2015","A/H3N2",0,0.726086744877,"HS1345","HS1416"
"173",117,5070,"50307","50305",2014-11-29,2014-12-05,2014-12-04,TRUE,TRUE,TRUE,TRUE,TRUE,FALSE,TRUE,TRUE,TRUE,FALSE,117,TRUE,2014-11-30,2014-12-07,"PA_G1999A","PA",1999,"G","A","2014-2015","A/H3N2",0.0530355210076,0,"HS1345","HS1416"
"174",117,5070,"50307","50305",2014-11-29,2014-12-05,2014-12-04,TRUE,TRUE,TRUE,TRUE,TRUE,FALSE,TRUE,TRUE,TRUE,FALSE,117,TRUE,2014-11-30,2014-12-07,"PA_G1999G","PA",1999,"G","G","2014-2015","A/H3N2",0.946669290564,1,"HS1345","HS1416"
"175",119,5073,"50319","50316",2014-11-25,2014-11-30,2014-11-29,TRUE,TRUE,TRUE,TRUE,TRUE,FALSE,TRUE,TRUE,TRUE,FALSE,119,TRUE,2014-11-26,2014-11-30,"HA_A140A","HA",140,"A","A","2014-2015","A/H3N2",0.948812954577,1,"MH7612","HS1369"
"176",119,5073,"50319","50316",2014-11-25,2014-11-30,2014-11-29,TRUE,TRUE,TRUE,TRUE,TRUE,FALSE,TRUE,TRUE,TRUE,FALSE,119,TRUE,2014-11-26,2014-11-30,"HA_A140G","HA",140,"A","G","2014-2015","A/H3N2",0.0498634992657,0,"MH7612","HS1369"
"177",119,5073,"50319","50316",2014-11-25,2014-11-30,2014-11-29,TRUE,TRUE,TRUE,TRUE,TRUE,FALSE,TRUE,TRUE,TRUE,FALSE,119,TRUE,2014-11-26,2014-11-30,"NR_G604A","NR",604,"G","A","2014-2015","A/H3N2",0,0.0289683696738,"MH7612","HS1369"
"178",119,5073,"50319","50316",2014-11-25,2014-11-30,2014-11-29,TRUE,TRUE,TRUE,TRUE,TRUE,FALSE,TRUE,TRUE,TRUE,FALSE,119,TRUE,2014-11-26,2014-11-30,"NR_G604G","NR",604,"G","G","2014-2015","A/H3N2",1,0.968317833566,"MH7612","HS1369"
"179",119,5073,"50319","50316",2014-11-25,2014-11-30,2014-11-29,TRUE,TRUE,TRUE,TRUE,TRUE,FALSE,TRUE,TRUE,TRUE,FALSE,119,TRUE,2014-11-26,2014-11-30,"NS_A327A","NS",327,"A","A","2014-2015","A/H3N2",1,0.974870494875,"MH7612","HS1369"
"180",119,5073,"50319","50316",2014-11-25,2014-11-30,2014-11-29,TRUE,TRUE,TRUE,TRUE,TRUE,FALSE,TRUE,TRUE,TRUE,FALSE,119,TRUE,2014-11-26,2014-11-30,"NS_A327G","NS",327,"A","G","2014-2015","A/H3N2",0,0.0244745265716,"MH7612","HS1369"
"181",119,5073,"50319","50316",2014-11-25,2014-11-30,2014-11-29,TRUE,TRUE,TRUE,TRUE,TRUE,FALSE,TRUE,TRUE,TRUE,FALSE,119,TRUE,2014-11-26,2014-11-30,"PA_G272A","PA",272,"G","A","2014-2015","A/H3N2",0,0.0766430907023,"MH7612","HS1369"
"182",119,5073,"50319","50316",2014-11-25,2014-11-30,2014-11-29,TRUE,TRUE,TRUE,TRUE,TRUE,FALSE,TRUE,TRUE,TRUE,FALSE,119,TRUE,2014-11-26,2014-11-30,"PA_G272G","PA",272,"G","G","2014-2015","A/H3N2",1,0.922181135824,"MH7612","HS1369"
"183",119,5073,"50319","50316",2014-11-25,2014-11-30,2014-11-29,TRUE,TRUE,TRUE,TRUE,TRUE,FALSE,TRUE,TRUE,TRUE,FALSE,119,TRUE,2014-11-26,2014-11-30,"PA_C1569T","PA",1569,"C","T","2014-2015","A/H3N2",0,1,"MH7612","HS1369"
"184",119,5073,"50319","50316",2014-11-25,2014-11-30,2014-11-29,TRUE,TRUE,TRUE,TRUE,TRUE,FALSE,TRUE,TRUE,TRUE,FALSE,119,TRUE,2014-11-26,2014-11-30,"PA_C1569C","PA",1569,"C","C","2014-2015","A/H3N2",1,0,"MH7612","HS1369"
"185",119,5073,"50319","50316",2014-11-25,2014-11-30,2014-11-29,TRUE,TRUE,TRUE,TRUE,TRUE,FALSE,TRUE,TRUE,TRUE,FALSE,119,TRUE,2014-11-26,2014-11-30,"PA_T1650G","PA",1650,"T","G","2014-2015","A/H3N2",0,1,"MH7612","HS1369"
"186",119,5073,"50319","50316",2014-11-25,2014-11-30,2014-11-29,TRUE,TRUE,TRUE,TRUE,TRUE,FALSE,TRUE,TRUE,TRUE,FALSE,119,TRUE,2014-11-26,2014-11-30,"PA_T1650T","PA",1650,"T","T","2014-2015","A/H3N2",1,0,"MH7612","HS1369"
"187",119,5073,"50319","50316",2014-11-25,2014-11-30,2014-11-29,TRUE,TRUE,TRUE,TRUE,TRUE,FALSE,TRUE,TRUE,TRUE,FALSE,119,TRUE,2014-11-26,2014-11-30,"PB1_T487C","PB1",487,"T","C","2014-2015","A/H3N2",0,1,"MH7612","HS1369"
"188",119,5073,"50319","50316",2014-11-25,2014-11-30,2014-11-29,TRUE,TRUE,TRUE,TRUE,TRUE,FALSE,TRUE,TRUE,TRUE,FALSE,119,TRUE,2014-11-26,2014-11-30,"PB1_T487T","PB1",487,"T","T","2014-2015","A/H3N2",1,0,"MH7612","HS1369"
"189",120,5073,"50318","50319",2014-11-23,2014-11-25,2014-11-24,TRUE,TRUE,TRUE,TRUE,TRUE,FALSE,TRUE,TRUE,TRUE,FALSE,120,TRUE,2014-11-23,2014-11-25,"HA_A140A","HA",140,"A","A","2014-2015","A/H3N2",1,0.972760794576,"HS1336","HS1335"
"190",120,5073,"50318","50319",2014-11-23,2014-11-25,2014-11-24,TRUE,TRUE,TRUE,TRUE,TRUE,FALSE,TRUE,TRUE,TRUE,FALSE,120,TRUE,2014-11-23,2014-11-25,"HA_A140G","HA",140,"A","G","2014-2015","A/H3N2",0,0.0264987958706,"HS1336","HS1335"
"191",120,5073,"50318","50319",2014-11-23,2014-11-25,2014-11-24,TRUE,TRUE,TRUE,TRUE,TRUE,FALSE,TRUE,TRUE,TRUE,FALSE,120,TRUE,2014-11-23,2014-11-25,"NP_G207A","NP",207,"G","A","2014-2015","A/H3N2",0.975755873818,1,"HS1336","HS1335"
"192",120,5073,"50318","50319",2014-11-23,2014-11-25,2014-11-24,TRUE,TRUE,TRUE,TRUE,TRUE,FALSE,TRUE,TRUE,TRUE,FALSE,120,TRUE,2014-11-23,2014-11-25,"NP_G207G","NP",207,"G","G","2014-2015","A/H3N2",0.023682486193,0,"HS1336","HS1335"
"193",120,5073,"50318","50319",2014-11-23,2014-11-25,2014-11-24,TRUE,TRUE,TRUE,TRUE,TRUE,FALSE,TRUE,TRUE,TRUE,FALSE,120,TRUE,2014-11-23,2014-11-25,"PB1_A877A","PB1",877,"A","A","2014-2015","A/H3N2",0.978369781312,1,"HS1336","HS1335"
"194",120,5073,"50318","50319",2014-11-23,2014-11-25,2014-11-24,TRUE,TRUE,TRUE,TRUE,TRUE,FALSE,TRUE,TRUE,TRUE,FALSE,120,TRUE,2014-11-23,2014-11-25,"PB1_A877G","PB1",877,"A","G","2014-2015","A/H3N2",0.0208654028168,0,"HS1336","HS1335"
"195",120,5073,"50318","50319",2014-11-23,2014-11-25,2014-11-24,TRUE,TRUE,TRUE,TRUE,TRUE,FALSE,TRUE,TRUE,TRUE,FALSE,120,TRUE,2014-11-23,2014-11-25,"PB1_A985A","PB1",985,"A","A","2014-2015","A/H3N2",0.941019740826,1,"HS1336","HS1335"
"196",120,5073,"50318","50319",2014-11-23,2014-11-25,2014-11-24,TRUE,TRUE,TRUE,TRUE,TRUE,FALSE,TRUE,TRUE,TRUE,FALSE,120,TRUE,2014-11-23,2014-11-25,"PB1_A985C","PB1",985,"A","C","2014-2015","A/H3N2",0.0579359438968,0,"HS1336","HS1335"
"197",120,5073,"50318","50319",2014-11-23,2014-11-25,2014-11-24,TRUE,TRUE,TRUE,TRUE,TRUE,FALSE,TRUE,TRUE,TRUE,FALSE,120,TRUE,2014-11-23,2014-11-25,"PB2_C880C","PB2",880,"C","C","2014-2015","A/H3N2",1,0.963082296968,"HS1336","HS1335"
"198",120,5073,"50318","50319",2014-11-23,2014-11-25,2014-11-24,TRUE,TRUE,TRUE,TRUE,TRUE,FALSE,TRUE,TRUE,TRUE,FALSE,120,TRUE,2014-11-23,2014-11-25,"PB2_C880T","PB2",880,"C","T","2014-2015","A/H3N2",0,0.0360841803356,"HS1336","HS1335"
"199",123,5078,"50331","50332",2014-12-09,2014-12-11,2014-12-10,TRUE,TRUE,TRUE,TRUE,TRUE,FALSE,TRUE,TRUE,TRUE,FALSE,123,TRUE,2014-12-09,2014-12-15,"M_G464A","M",464,"G","A","2014-2015","A/H3N2",0,0.61421763106,"HS1417","MH8126"
"200",123,5078,"50331","50332",2014-12-09,2014-12-11,2014-12-10,TRUE,TRUE,TRUE,TRUE,TRUE,FALSE,TRUE,TRUE,TRUE,FALSE,123,TRUE,2014-12-09,2014-12-15,"M_G464G","M",464,"G","G","2014-2015","A/H3N2",1,0.38548294533,"HS1417","MH8126"
"201",123,5078,"50331","50332",2014-12-09,2014-12-11,2014-12-10,TRUE,TRUE,TRUE,TRUE,TRUE,FALSE,TRUE,TRUE,TRUE,FALSE,123,TRUE,2014-12-09,2014-12-15,"NP_C1334C","NP",1334,"C","C","2014-2015","A/H3N2",0.969717498814,1,"HS1417","MH8126"
"202",123,5078,"50331","50332",2014-12-09,2014-12-11,2014-12-10,TRUE,TRUE,TRUE,TRUE,TRUE,FALSE,TRUE,TRUE,TRUE,FALSE,123,TRUE,2014-12-09,2014-12-15,"NP_C1334T","NP",1334,"C","T","2014-2015","A/H3N2",0.0293693096763,0,"HS1417","MH8126"
"203",123,5078,"50331","50332",2014-12-09,2014-12-11,2014-12-10,TRUE,TRUE,TRUE,TRUE,TRUE,FALSE,TRUE,TRUE,TRUE,FALSE,123,TRUE,2014-12-09,2014-12-15,"NS_A553A","NS",553,"A","A","2014-2015","A/H3N2",1,0.977759990852,"HS1417","MH8126"
"204",123,5078,"50331","50332",2014-12-09,2014-12-11,2014-12-10,TRUE,TRUE,TRUE,TRUE,TRUE,FALSE,TRUE,TRUE,TRUE,FALSE,123,TRUE,2014-12-09,2014-12-15,"NS_A553T","NS",553,"A","T","2014-2015","A/H3N2",0,0.0213012737322,"HS1417","MH8126"
"205",127,5109,"50468","50466",2014-12-21,2014-12-24,2014-12-23,TRUE,TRUE,TRUE,TRUE,TRUE,FALSE,TRUE,TRUE,TRUE,FALSE,127,TRUE,2014-12-21,2014-12-24,"HA_G1019A","HA",1019,"G","A","2014-2015","A/H3N2",0.0451690779046,0,"HS1516","HS1543"
"206",127,5109,"50468","50466",2014-12-21,2014-12-24,2014-12-23,TRUE,TRUE,TRUE,TRUE,TRUE,FALSE,TRUE,TRUE,TRUE,FALSE,127,TRUE,2014-12-21,2014-12-24,"HA_G1019G","HA",1019,"G","G","2014-2015","A/H3N2",0.95445588521,1,"HS1516","HS1543"
"207",127,5109,"50468","50466",2014-12-21,2014-12-24,2014-12-23,TRUE,TRUE,TRUE,TRUE,TRUE,FALSE,TRUE,TRUE,TRUE,FALSE,127,TRUE,2014-12-21,2014-12-24,"M_A310G","M",310,"A","G","2014-2015","A/H3N2",0,1,"HS1516","HS1543"
"208",127,5109,"50468","50466",2014-12-21,2014-12-24,2014-12-23,TRUE,TRUE,TRUE,TRUE,TRUE,FALSE,TRUE,TRUE,TRUE,FALSE,127,TRUE,2014-12-21,2014-12-24,"M_A310A","M",310,"A","A","2014-2015","A/H3N2",1,0,"HS1516","HS1543"
"209",127,5109,"50468","50466",2014-12-21,2014-12-24,2014-12-23,TRUE,TRUE,TRUE,TRUE,TRUE,FALSE,TRUE,TRUE,TRUE,FALSE,127,TRUE,2014-12-21,2014-12-24,"NR_C156C","NR",156,"C","C","2014-2015","A/H3N2",1,0.870103442428,"HS1516","HS1543"
"210",127,5109,"50468","50466",2014-12-21,2014-12-24,2014-12-23,TRUE,TRUE,TRUE,TRUE,TRUE,FALSE,TRUE,TRUE,TRUE,FALSE,127,TRUE,2014-12-21,2014-12-24,"NR_C156T","NR",156,"C","T","2014-2015","A/H3N2",0,0.128879091063,"HS1516","HS1543"
"211",127,5109,"50468","50466",2014-12-21,2014-12-24,2014-12-23,TRUE,TRUE,TRUE,TRUE,TRUE,FALSE,TRUE,TRUE,TRUE,FALSE,127,TRUE,2014-12-21,2014-12-24,"PB2_C193C","PB2",193,"C","C","2014-2015","A/H3N2",1,0.946295232625,"HS1516","HS1543"
"212",127,5109,"50468","50466",2014-12-21,2014-12-24,2014-12-23,TRUE,TRUE,TRUE,TRUE,TRUE,FALSE,TRUE,TRUE,TRUE,FALSE,127,TRUE,2014-12-21,2014-12-24,"PB2_C193T","PB2",193,"C","T","2014-2015","A/H3N2",0,0.0521057992736,"HS1516","HS1543"
"213",128,5109,"50468","50467",2014-12-21,2014-12-24,2014-12-23,TRUE,TRUE,TRUE,TRUE,TRUE,FALSE,TRUE,TRUE,TRUE,FALSE,128,TRUE,2014-12-21,2014-12-24,"HA_G1019A","HA",1019,"G","A","2014-2015","A/H3N2",0.0451690779046,0,"HS1516","HS1544"
"214",128,5109,"50468","50467",2014-12-21,2014-12-24,2014-12-23,TRUE,TRUE,TRUE,TRUE,TRUE,FALSE,TRUE,TRUE,TRUE,FALSE,128,TRUE,2014-12-21,2014-12-24,"HA_G1019G","HA",1019,"G","G","2014-2015","A/H3N2",0.95445588521,1,"HS1516","HS1544"
"215",128,5109,"50468","50467",2014-12-21,2014-12-24,2014-12-23,TRUE,TRUE,TRUE,TRUE,TRUE,FALSE,TRUE,TRUE,TRUE,FALSE,128,TRUE,2014-12-21,2014-12-24,"PA_T1519C","PA",1519,"T","C","2014-2015","A/H3N2",0,0.0453344686054,"HS1516","HS1544"
"216",128,5109,"50468","50467",2014-12-21,2014-12-24,2014-12-23,TRUE,TRUE,TRUE,TRUE,TRUE,FALSE,TRUE,TRUE,TRUE,FALSE,128,TRUE,2014-12-21,2014-12-24,"PA_T1519T","PA",1519,"T","T","2014-2015","A/H3N2",1,0.954325867369,"HS1516","HS1544"
"217",128,5109,"50468","50467",2014-12-21,2014-12-24,2014-12-23,TRUE,TRUE,TRUE,TRUE,TRUE,FALSE,TRUE,TRUE,TRUE,FALSE,128,TRUE,2014-12-21,2014-12-24,"PB2_T1728C","PB2",1728,"T","C","2014-2015","A/H3N2",0,0.0983232879322,"HS1516","HS1544"
"218",128,5109,"50468","50467",2014-12-21,2014-12-24,2014-12-23,TRUE,TRUE,TRUE,TRUE,TRUE,FALSE,TRUE,TRUE,TRUE,FALSE,128,TRUE,2014-12-21,2014-12-24,"PB2_T1728T","PB2",1728,"T","T","2014-2015","A/H3N2",1,0.900798270414,"HS1516","HS1544"
"219",133,5126,"50539","50540",2014-12-06,2014-12-06,2014-12-05,TRUE,TRUE,TRUE,TRUE,TRUE,TRUE,TRUE,TRUE,TRUE,FALSE,133,TRUE,2014-12-09,2014-12-06,"HA_C545C","HA",545,"C","C","2014-2015","A/H3N2",1,0.93121305512,"MH7885","HS1409"
"220",133,5126,"50539","50540",2014-12-06,2014-12-06,2014-12-05,TRUE,TRUE,TRUE,TRUE,TRUE,TRUE,TRUE,TRUE,TRUE,FALSE,133,TRUE,2014-12-09,2014-12-06,"HA_C545T","HA",545,"C","T","2014-2015","A/H3N2",0,0.0680510202664,"MH7885","HS1409"
"221",135,5129,"50552","50551",2014-11-17,2014-11-18,2014-11-17,TRUE,TRUE,TRUE,TRUE,TRUE,FALSE,TRUE,TRUE,TRUE,FALSE,135,TRUE,2014-11-17,2014-11-19,"HA_T665A","HA",665,"T","A","2014-2015","A/H3N2",0,0.270574997689,"MH7390","MH7440"
"222",135,5129,"50552","50551",2014-11-17,2014-11-18,2014-11-17,TRUE,TRUE,TRUE,TRUE,TRUE,FALSE,TRUE,TRUE,TRUE,FALSE,135,TRUE,2014-11-17,2014-11-19,"HA_T665T","HA",665,"T","T","2014-2015","A/H3N2",1,0.726374193548,"MH7390","MH7440"
"223",135,5129,"50552","50551",2014-11-17,2014-11-18,2014-11-17,TRUE,TRUE,TRUE,TRUE,TRUE,FALSE,TRUE,TRUE,TRUE,FALSE,135,TRUE,2014-11-17,2014-11-19,"HA_A1424A","HA",1424,"A","A","2014-2015","A/H3N2",0,0.0201012039784,"MH7390","MH7440"
"224",135,5129,"50552","50551",2014-11-17,2014-11-18,2014-11-17,TRUE,TRUE,TRUE,TRUE,TRUE,FALSE,TRUE,TRUE,TRUE,FALSE,135,TRUE,2014-11-17,2014-11-19,"HA_A1424G","HA",1424,"A","G","2014-2015","A/H3N2",1,0.979340429244,"MH7390","MH7440"
"225",135,5129,"50552","50551",2014-11-17,2014-11-18,2014-11-17,TRUE,TRUE,TRUE,TRUE,TRUE,FALSE,TRUE,TRUE,TRUE,FALSE,135,TRUE,2014-11-17,2014-11-19,"NP_A923A","NP",923,"A","A","2014-2015","A/H3N2",0.958962304228,1,"MH7390","MH7440"
"226",135,5129,"50552","50551",2014-11-17,2014-11-18,2014-11-17,TRUE,TRUE,TRUE,TRUE,TRUE,FALSE,TRUE,TRUE,TRUE,FALSE,135,TRUE,2014-11-17,2014-11-19,"NP_A923G","NP",923,"A","G","2014-2015","A/H3N2",0.0404271939275,0,"MH7390","MH7440"
"227",135,5129,"50552","50551",2014-11-17,2014-11-18,2014-11-17,TRUE,TRUE,TRUE,TRUE,TRUE,FALSE,TRUE,TRUE,TRUE,FALSE,135,TRUE,2014-11-17,2014-11-19,"NR_C866A","NR",866,"C","A","2014-2015","A/H3N2",0.0393442047164,0,"MH7390","MH7440"
"228",135,5129,"50552","50551",2014-11-17,2014-11-18,2014-11-17,TRUE,TRUE,TRUE,TRUE,TRUE,FALSE,TRUE,TRUE,TRUE,FALSE,135,TRUE,2014-11-17,2014-11-19,"NR_C866C","NR",866,"C","C","2014-2015","A/H3N2",0.959584638207,1,"MH7390","MH7440"
"229",135,5129,"50552","50551",2014-11-17,2014-11-18,2014-11-17,TRUE,TRUE,TRUE,TRUE,TRUE,FALSE,TRUE,TRUE,TRUE,FALSE,135,TRUE,2014-11-17,2014-11-19,"PA_C1978C","PA",1978,"C","C","2014-2015","A/H3N2",0.977597751509,1,"MH7390","MH7440"
"230",135,5129,"50552","50551",2014-11-17,2014-11-18,2014-11-17,TRUE,TRUE,TRUE,TRUE,TRUE,FALSE,TRUE,TRUE,TRUE,FALSE,135,TRUE,2014-11-17,2014-11-19,"PA_C1978T","PA",1978,"C","T","2014-2015","A/H3N2",0.0214917213397,0,"MH7390","MH7440"
"231",135,5129,"50552","50551",2014-11-17,2014-11-18,2014-11-17,TRUE,TRUE,TRUE,TRUE,TRUE,FALSE,TRUE,TRUE,TRUE,FALSE,135,TRUE,2014-11-17,2014-11-19,"PA_A2079A","PA",2079,"A","A","2014-2015","A/H3N2",1,0.72442455243,"MH7390","MH7440"
"232",135,5129,"50552","50551",2014-11-17,2014-11-18,2014-11-17,TRUE,TRUE,TRUE,TRUE,TRUE,FALSE,TRUE,TRUE,TRUE,FALSE,135,TRUE,2014-11-17,2014-11-19,"PA_A2079G","PA",2079,"A","G","2014-2015","A/H3N2",0,0.273918168363,"MH7390","MH7440"
"233",135,5129,"50552","50551",2014-11-17,2014-11-18,2014-11-17,TRUE,TRUE,TRUE,TRUE,TRUE,FALSE,TRUE,TRUE,TRUE,FALSE,135,TRUE,2014-11-17,2014-11-19,"PB1_G2089A","PB1",2089,"G","A","2014-2015","A/H3N2",0.0291516541107,0,"MH7390","MH7440"
"234",135,5129,"50552","50551",2014-11-17,2014-11-18,2014-11-17,TRUE,TRUE,TRUE,TRUE,TRUE,FALSE,TRUE,TRUE,TRUE,FALSE,135,TRUE,2014-11-17,2014-11-19,"PB1_G2089G","PB1",2089,"G","G","2014-2015","A/H3N2",0.970629981439,1,"MH7390","MH7440"
"235",136,5129,"50553","50552",2014-11-16,2014-11-17,2014-11-16,TRUE,TRUE,TRUE,TRUE,TRUE,FALSE,TRUE,TRUE,TRUE,FALSE,136,TRUE,2014-11-16,2014-11-17,"HA_C995C","HA",995,"C","C","2014-2015","A/H3N2",0.960878953385,1,"HS1256","MH7390"
"236",136,5129,"50553","50552",2014-11-16,2014-11-17,2014-11-16,TRUE,TRUE,TRUE,TRUE,TRUE,FALSE,TRUE,TRUE,TRUE,FALSE,136,TRUE,2014-11-16,2014-11-17,"HA_C995T","HA",995,"C","T","2014-2015","A/H3N2",0.0380427122411,0,"HS1256","MH7390"
"237",136,5129,"50553","50552",2014-11-16,2014-11-17,2014-11-16,TRUE,TRUE,TRUE,TRUE,TRUE,FALSE,TRUE,TRUE,TRUE,FALSE,136,TRUE,2014-11-16,2014-11-17,"HA_A1424G","HA",1424,"A","G","2014-2015","A/H3N2",0,1,"HS1256","MH7390"
"238",136,5129,"50553","50552",2014-11-16,2014-11-17,2014-11-16,TRUE,TRUE,TRUE,TRUE,TRUE,FALSE,TRUE,TRUE,TRUE,FALSE,136,TRUE,2014-11-16,2014-11-17,"HA_A1424A","HA",1424,"A","A","2014-2015","A/H3N2",1,0,"HS1256","MH7390"
"239",136,5129,"50553","50552",2014-11-16,2014-11-17,2014-11-16,TRUE,TRUE,TRUE,TRUE,TRUE,FALSE,TRUE,TRUE,TRUE,FALSE,136,TRUE,2014-11-16,2014-11-17,"NP_T723C","NP",723,"T","C","2014-2015","A/H3N2",0.0353873297077,0,"HS1256","MH7390"
"240",136,5129,"50553","50552",2014-11-16,2014-11-17,2014-11-16,TRUE,TRUE,TRUE,TRUE,TRUE,FALSE,TRUE,TRUE,TRUE,FALSE,136,TRUE,2014-11-16,2014-11-17,"NP_T723T","NP",723,"T","T","2014-2015","A/H3N2",0.964169309855,1,"HS1256","MH7390"
"241",136,5129,"50553","50552",2014-11-16,2014-11-17,2014-11-16,TRUE,TRUE,TRUE,TRUE,TRUE,FALSE,TRUE,TRUE,TRUE,FALSE,136,TRUE,2014-11-16,2014-11-17,"NP_A923A","NP",923,"A","A","2014-2015","A/H3N2",1,0.958962304228,"HS1256","MH7390"
"242",136,5129,"50553","50552",2014-11-16,2014-11-17,2014-11-16,TRUE,TRUE,TRUE,TRUE,TRUE,FALSE,TRUE,TRUE,TRUE,FALSE,136,TRUE,2014-11-16,2014-11-17,"NP_A923G","NP",923,"A","G","2014-2015","A/H3N2",0,0.0404271939275,"HS1256","MH7390"
"243",136,5129,"50553","50552",2014-11-16,2014-11-17,2014-11-16,TRUE,TRUE,TRUE,TRUE,TRUE,FALSE,TRUE,TRUE,TRUE,FALSE,136,TRUE,2014-11-16,2014-11-17,"NR_C866A","NR",866,"C","A","2014-2015","A/H3N2",0,0.0393442047164,"HS1256","MH7390"
"244",136,5129,"50553","50552",2014-11-16,2014-11-17,2014-11-16,TRUE,TRUE,TRUE,TRUE,TRUE,FALSE,TRUE,TRUE,TRUE,FALSE,136,TRUE,2014-11-16,2014-11-17,"NR_C866C","NR",866,"C","C","2014-2015","A/H3N2",1,0.959584638207,"HS1256","MH7390"
"245",136,5129,"50553","50552",2014-11-16,2014-11-17,2014-11-16,TRUE,TRUE,TRUE,TRUE,TRUE,FALSE,TRUE,TRUE,TRUE,FALSE,136,TRUE,2014-11-16,2014-11-17,"PA_C1978C","PA",1978,"C","C","2014-2015","A/H3N2",1,0.977597751509,"HS1256","MH7390"
"246",136,5129,"50553","50552",2014-11-16,2014-11-17,2014-11-16,TRUE,TRUE,TRUE,TRUE,TRUE,FALSE,TRUE,TRUE,TRUE,FALSE,136,TRUE,2014-11-16,2014-11-17,"PA_C1978T","PA",1978,"C","T","2014-2015","A/H3N2",0,0.0214917213397,"HS1256","MH7390"
"247",136,5129,"50553","50552",2014-11-16,2014-11-17,2014-11-16,TRUE,TRUE,TRUE,TRUE,TRUE,FALSE,TRUE,TRUE,TRUE,FALSE,136,TRUE,2014-11-16,2014-11-17,"PB1_G1822A","PB1",1822,"G","A","2014-2015","A/H3N2",0.0374481830523,0,"HS1256","MH7390"
"248",136,5129,"50553","50552",2014-11-16,2014-11-17,2014-11-16,TRUE,TRUE,TRUE,TRUE,TRUE,FALSE,TRUE,TRUE,TRUE,FALSE,136,TRUE,2014-11-16,2014-11-17,"PB1_G1822G","PB1",1822,"G","G","2014-2015","A/H3N2",0.961405602311,1,"HS1256","MH7390"
"249",136,5129,"50553","50552",2014-11-16,2014-11-17,2014-11-16,TRUE,TRUE,TRUE,TRUE,TRUE,FALSE,TRUE,TRUE,TRUE,FALSE,136,TRUE,2014-11-16,2014-11-17,"PB1_G2089A","PB1",2089,"G","A","2014-2015","A/H3N2",0,0.0291516541107,"HS1256","MH7390"
"250",136,5129,"50553","50552",2014-11-16,2014-11-17,2014-11-16,TRUE,TRUE,TRUE,TRUE,TRUE,FALSE,TRUE,TRUE,TRUE,FALSE,136,TRUE,2014-11-16,2014-11-17,"PB1_G2089G","PB1",2089,"G","G","2014-2015","A/H3N2",1,0.970629981439,"HS1256","MH7390"
"251",137,5130,"50556","50558",2014-12-18,2014-12-20,2014-12-19,TRUE,TRUE,TRUE,TRUE,TRUE,FALSE,TRUE,TRUE,TRUE,FALSE,137,TRUE,2014-12-22,2014-12-21,"PA_C1117C","PA",1117,"C","C","2014-2015","A/H3N2",0.916894163625,0.920677049427,"MH8386","HS1507"
"252",137,5130,"50556","50558",2014-12-18,2014-12-20,2014-12-19,TRUE,TRUE,TRUE,TRUE,TRUE,FALSE,TRUE,TRUE,TRUE,FALSE,137,TRUE,2014-12-22,2014-12-21,"PA_C1117T","PA",1117,"C","T","2014-2015","A/H3N2",0.0827123981284,0.0788221743703,"MH8386","HS1507"
"253",137,5130,"50556","50558",2014-12-18,2014-12-20,2014-12-19,TRUE,TRUE,TRUE,TRUE,TRUE,FALSE,TRUE,TRUE,TRUE,FALSE,137,TRUE,2014-12-22,2014-12-21,"PB1_G200G","PB1",200,"G","G","2014-2015","A/H3N2",1,0.955496453901,"MH8386","HS1507"
"254",137,5130,"50556","50558",2014-12-18,2014-12-20,2014-12-19,TRUE,TRUE,TRUE,TRUE,TRUE,FALSE,TRUE,TRUE,TRUE,FALSE,137,TRUE,2014-12-22,2014-12-21,"PB1_G200T","PB1",200,"G","T","2014-2015","A/H3N2",0,0.0424511804139,"MH8386","HS1507"
"255",137,5130,"50556","50558",2014-12-18,2014-12-20,2014-12-19,TRUE,TRUE,TRUE,TRUE,TRUE,FALSE,TRUE,TRUE,TRUE,FALSE,137,TRUE,2014-12-22,2014-12-21,"PB2_C2097C","PB2",2097,"C","C","2014-2015","A/H3N2",0.962628396591,0.959764579989,"MH8386","HS1507"
"256",137,5130,"50556","50558",2014-12-18,2014-12-20,2014-12-19,TRUE,TRUE,TRUE,TRUE,TRUE,FALSE,TRUE,TRUE,TRUE,FALSE,137,TRUE,2014-12-22,2014-12-21,"PB2_C2097T","PB2",2097,"C","T","2014-2015","A/H3N2",0.0367014627226,0.0394071034315,"MH8386","HS1507"
"257",138,5143,"50620","50618",2014-11-22,2014-11-24,2014-11-23,TRUE,TRUE,TRUE,TRUE,TRUE,FALSE,TRUE,TRUE,TRUE,FALSE,138,TRUE,2014-11-22,2014-11-25,"PA_G1701A","PA",1701,"G","A","2014-2015","A/H3N2",0.230503852869,0.966235030142,"HS1313","MH7564"
"258",138,5143,"50620","50618",2014-11-22,2014-11-24,2014-11-23,TRUE,TRUE,TRUE,TRUE,TRUE,FALSE,TRUE,TRUE,TRUE,FALSE,138,TRUE,2014-11-22,2014-11-25,"PA_G1701G","PA",1701,"G","G","2014-2015","A/H3N2",0.768498087673,0.0333324322132,"HS1313","MH7564"
"259",140,5143,"50618","50619",2014-11-24,2014-11-25,2014-11-24,TRUE,TRUE,TRUE,TRUE,TRUE,FALSE,TRUE,TRUE,TRUE,FALSE,140,TRUE,2014-11-25,2014-11-25,"PA_G1701A","PA",1701,"G","A","2014-2015","A/H3N2",0.966235030142,0.0395296954463,"MH7564","HS1327"
"260",140,5143,"50618","50619",2014-11-24,2014-11-25,2014-11-24,TRUE,TRUE,TRUE,TRUE,TRUE,FALSE,TRUE,TRUE,TRUE,FALSE,140,TRUE,2014-11-25,2014-11-25,"PA_G1701G","PA",1701,"G","G","2014-2015","A/H3N2",0.0333324322132,0.959534628643,"MH7564","HS1327"
"261",142,5147,"50632","50630",2014-11-13,2014-11-18,2014-11-17,TRUE,TRUE,TRUE,TRUE,TRUE,FALSE,TRUE,TRUE,TRUE,FALSE,142,TRUE,2014-11-14,2014-11-19,"HA_G393A","HA",393,"G","A","2014-2015","A/H3N2",0,0.0665395939678,"MH7385","HS1294"
"262",142,5147,"50632","50630",2014-11-13,2014-11-18,2014-11-17,TRUE,TRUE,TRUE,TRUE,TRUE,FALSE,TRUE,TRUE,TRUE,FALSE,142,TRUE,2014-11-14,2014-11-19,"HA_G393G","HA",393,"G","G","2014-2015","A/H3N2",1,0.932403546273,"MH7385","HS1294"
"263",142,5147,"50632","50630",2014-11-13,2014-11-18,2014-11-17,TRUE,TRUE,TRUE,TRUE,TRUE,FALSE,TRUE,TRUE,TRUE,FALSE,142,TRUE,2014-11-14,2014-11-19,"HA_A801A","HA",801,"A","A","2014-2015","A/H3N2",1,0.834642651849,"MH7385","HS1294"
"264",142,5147,"50632","50630",2014-11-13,2014-11-18,2014-11-17,TRUE,TRUE,TRUE,TRUE,TRUE,FALSE,TRUE,TRUE,TRUE,FALSE,142,TRUE,2014-11-14,2014-11-19,"HA_A801T","HA",801,"A","T","2014-2015","A/H3N2",0,0.163602839312,"MH7385","HS1294"
"265",144,5147,"50628","50632",2014-11-10,2014-11-13,2014-11-12,TRUE,TRUE,TRUE,TRUE,TRUE,FALSE,TRUE,TRUE,TRUE,FALSE,144,TRUE,2014-11-10,2014-11-13,"NP_G339A","NP",339,"G","A","2014-2015","A/H3N2",0.959077969318,1,"HS1250","HS1253"
"266",144,5147,"50628","50632",2014-11-10,2014-11-13,2014-11-12,TRUE,TRUE,TRUE,TRUE,TRUE,FALSE,TRUE,TRUE,TRUE,FALSE,144,TRUE,2014-11-10,2014-11-13,"NP_G339G","NP",339,"G","G","2014-2015","A/H3N2",0.0406848015183,0,"HS1250","HS1253"
"267",148,5185,"50785","50784",2014-12-14,2014-12-15,2014-12-14,TRUE,TRUE,TRUE,TRUE,TRUE,FALSE,TRUE,TRUE,TRUE,FALSE,148,TRUE,2014-12-16,2014-12-15,"NS_G287A","NS",287,"G","A","2014-2015","A/H3N2",0.037064665189,0,"MH8159","HS1465"
"268",148,5185,"50785","50784",2014-12-14,2014-12-15,2014-12-14,TRUE,TRUE,TRUE,TRUE,TRUE,FALSE,TRUE,TRUE,TRUE,FALSE,148,TRUE,2014-12-16,2014-12-15,"NS_G287G","NS",287,"G","G","2014-2015","A/H3N2",0.961906788678,1,"MH8159","HS1465"
"269",149,5185,"50786","50785",2014-12-11,2014-12-14,2014-12-13,TRUE,TRUE,TRUE,TRUE,TRUE,FALSE,TRUE,TRUE,TRUE,FALSE,149,TRUE,2014-12-12,2014-12-16,"NS_G287A","NS",287,"G","A","2014-2015","A/H3N2",0,0.037064665189,"MH8041","MH8159"
"270",149,5185,"50786","50785",2014-12-11,2014-12-14,2014-12-13,TRUE,TRUE,TRUE,TRUE,TRUE,FALSE,TRUE,TRUE,TRUE,FALSE,149,TRUE,2014-12-12,2014-12-16,"NS_G287G","NS",287,"G","G","2014-2015","A/H3N2",1,0.961906788678,"MH8041","MH8159"
"271",149,5185,"50786","50785",2014-12-11,2014-12-14,2014-12-13,TRUE,TRUE,TRUE,TRUE,TRUE,FALSE,TRUE,TRUE,TRUE,FALSE,149,TRUE,2014-12-12,2014-12-16,"PB1_C778C","PB1",778,"C","C","2014-2015","A/H3N2",0.977730178159,1,"MH8041","MH8159"
"272",149,5185,"50786","50785",2014-12-11,2014-12-14,2014-12-13,TRUE,TRUE,TRUE,TRUE,TRUE,FALSE,TRUE,TRUE,TRUE,FALSE,149,TRUE,2014-12-12,2014-12-16,"PB1_C778T","PB1",778,"C","T","2014-2015","A/H3N2",0.0220178065715,0,"MH8041","MH8159"
"273",153,5191,"50812","50809",2014-12-10,2014-12-14,2014-12-13,TRUE,TRUE,TRUE,TRUE,TRUE,FALSE,TRUE,TRUE,TRUE,FALSE,153,TRUE,2014-12-11,2014-12-16,"NP_A295A","NP",295,"A","A","2014-2015","A/H3N2",1,0.970779062393,"MH7953","MH8160"
"274",153,5191,"50812","50809",2014-12-10,2014-12-14,2014-12-13,TRUE,TRUE,TRUE,TRUE,TRUE,FALSE,TRUE,TRUE,TRUE,FALSE,153,TRUE,2014-12-11,2014-12-16,"NP_A295G","NP",295,"A","G","2014-2015","A/H3N2",0,0.0282610972159,"MH7953","MH8160"
"275",153,5191,"50812","50809",2014-12-10,2014-12-14,2014-12-13,TRUE,TRUE,TRUE,TRUE,TRUE,FALSE,TRUE,TRUE,TRUE,FALSE,153,TRUE,2014-12-11,2014-12-16,"PB1_C463C","PB1",463,"C","C","2014-2015","A/H3N2",0.924696473309,1,"MH7953","MH8160"
"276",153,5191,"50812","50809",2014-12-10,2014-12-14,2014-12-13,TRUE,TRUE,TRUE,TRUE,TRUE,FALSE,TRUE,TRUE,TRUE,FALSE,153,TRUE,2014-12-11,2014-12-16,"PB1_C463T","PB1",463,"C","T","2014-2015","A/H3N2",0.0748051062923,0,"MH7953","MH8160"
"277",154,5195,"50832","50830",2014-11-30,2014-12-04,2014-12-03,TRUE,TRUE,TRUE,TRUE,TRUE,FALSE,TRUE,TRUE,TRUE,FALSE,154,TRUE,2014-11-30,2014-12-05,"NR_A258A","NR",258,"A","A","2014-2015","A/H3N2",0.968165966199,1,"HS1341","HS1375"
"278",154,5195,"50832","50830",2014-11-30,2014-12-04,2014-12-03,TRUE,TRUE,TRUE,TRUE,TRUE,FALSE,TRUE,TRUE,TRUE,FALSE,154,TRUE,2014-11-30,2014-12-05,"NR_A258G","NR",258,"A","G","2014-2015","A/H3N2",0.0314763480283,0,"HS1341","HS1375"
"279",154,5195,"50832","50830",2014-11-30,2014-12-04,2014-12-03,TRUE,TRUE,TRUE,TRUE,TRUE,FALSE,TRUE,TRUE,TRUE,FALSE,154,TRUE,2014-11-30,2014-12-05,"PB1_T1465C","PB1",1465,"T","C","2014-2015","A/H3N2",0.154494567149,0,"HS1341","HS1375"
"280",154,5195,"50832","50830",2014-11-30,2014-12-04,2014-12-03,TRUE,TRUE,TRUE,TRUE,TRUE,FALSE,TRUE,TRUE,TRUE,FALSE,154,TRUE,2014-11-30,2014-12-05,"PB1_T1465T","PB1",1465,"T","T","2014-2015","A/H3N2",0.844894745566,1,"HS1341","HS1375"
"281",154,5195,"50832","50830",2014-11-30,2014-12-04,2014-12-03,TRUE,TRUE,TRUE,TRUE,TRUE,FALSE,TRUE,TRUE,TRUE,FALSE,154,TRUE,2014-11-30,2014-12-05,"PB1_G1852A","PB1",1852,"G","A","2014-2015","A/H3N2",0.0426954659953,0,"HS1341","HS1375"
"282",154,5195,"50832","50830",2014-11-30,2014-12-04,2014-12-03,TRUE,TRUE,TRUE,TRUE,TRUE,FALSE,TRUE,TRUE,TRUE,FALSE,154,TRUE,2014-11-30,2014-12-05,"PB1_G1852G","PB1",1852,"G","G","2014-2015","A/H3N2",0.956246036779,1,"HS1341","HS1375"
"283",154,5195,"50832","50830",2014-11-30,2014-12-04,2014-12-03,TRUE,TRUE,TRUE,TRUE,TRUE,FALSE,TRUE,TRUE,TRUE,FALSE,154,TRUE,2014-11-30,2014-12-05,"PB1_C1877A","PB1",1877,"C","A","2014-2015","A/H3N2",0,0.0541025374848,"HS1341","HS1375"
"284",154,5195,"50832","50830",2014-11-30,2014-12-04,2014-12-03,TRUE,TRUE,TRUE,TRUE,TRUE,FALSE,TRUE,TRUE,TRUE,FALSE,154,TRUE,2014-11-30,2014-12-05,"PB1_C1877C","PB1",1877,"C","C","2014-2015","A/H3N2",1,0.944878533883,"HS1341","HS1375"
"285",154,5195,"50832","50830",2014-11-30,2014-12-04,2014-12-03,TRUE,TRUE,TRUE,TRUE,TRUE,FALSE,TRUE,TRUE,TRUE,FALSE,154,TRUE,2014-11-30,2014-12-05,"PB2_A2186A","PB2",2186,"A","A","2014-2015","A/H3N2",1,0.653853472883,"HS1341","HS1375"
"286",154,5195,"50832","50830",2014-11-30,2014-12-04,2014-12-03,TRUE,TRUE,TRUE,TRUE,TRUE,FALSE,TRUE,TRUE,TRUE,FALSE,154,TRUE,2014-11-30,2014-12-05,"PB2_A2186G","PB2",2186,"A","G","2014-2015","A/H3N2",0,0.334157944814,"HS1341","HS1375"
"287",161,5228,"50969","50967",2014-12-01,2014-12-04,2014-12-03,TRUE,TRUE,TRUE,TRUE,TRUE,FALSE,TRUE,TRUE,TRUE,FALSE,161,TRUE,2014-12-02,2014-12-04,"PA_G1201A","PA",1201,"G","A","2014-2015","A/H3N2",0.0250320272215,0,"MH7687","HS1402"
"288",161,5228,"50969","50967",2014-12-01,2014-12-04,2014-12-03,TRUE,TRUE,TRUE,TRUE,TRUE,FALSE,TRUE,TRUE,TRUE,FALSE,161,TRUE,2014-12-02,2014-12-04,"PA_G1201G","PA",1201,"G","G","2014-2015","A/H3N2",0.974332555532,1,"MH7687","HS1402"
"289",161,5228,"50969","50967",2014-12-01,2014-12-04,2014-12-03,TRUE,TRUE,TRUE,TRUE,TRUE,FALSE,TRUE,TRUE,TRUE,FALSE,161,TRUE,2014-12-02,2014-12-04,"PA_A1202A","PA",1202,"A","A","2014-2015","A/H3N2",0.969678648085,1,"MH7687","HS1402"
"290",161,5228,"50969","50967",2014-12-01,2014-12-04,2014-12-03,TRUE,TRUE,TRUE,TRUE,TRUE,FALSE,TRUE,TRUE,TRUE,FALSE,161,TRUE,2014-12-02,2014-12-04,"PA_A1202G","PA",1202,"A","G","2014-2015","A/H3N2",0.029538641251,0,"MH7687","HS1402"
"291",163,5228,"50967","50968",2014-12-04,2014-12-06,2014-12-05,TRUE,TRUE,TRUE,TRUE,TRUE,FALSE,TRUE,TRUE,TRUE,FALSE,163,TRUE,2014-12-04,2014-12-07,"HA_A879A","HA",879,"A","A","2014-2015","A/H3N2",1,0.965413916688,"HS1402","HS1401"
"292",163,5228,"50967","50968",2014-12-04,2014-12-06,2014-12-05,TRUE,TRUE,TRUE,TRUE,TRUE,FALSE,TRUE,TRUE,TRUE,FALSE,163,TRUE,2014-12-04,2014-12-07,"HA_A879C","HA",879,"A","C","2014-2015","A/H3N2",0,0.0341160572648,"HS1402","HS1401"
"293",165,5234,"50993","50992",2015-01-04,2015-01-05,2015-01-04,TRUE,TRUE,TRUE,TRUE,TRUE,FALSE,TRUE,TRUE,TRUE,FALSE,165,TRUE,2015-01-06,2015-01-09,"HA_C418C","HA",418,"C","C","2014-2015","A/H3N2",0.967664515292,1,"HS1595","MH8924"
"294",165,5234,"50993","50992",2015-01-04,2015-01-05,2015-01-04,TRUE,TRUE,TRUE,TRUE,TRUE,FALSE,TRUE,TRUE,TRUE,FALSE,165,TRUE,2015-01-06,2015-01-09,"HA_C418T","HA",418,"C","T","2014-2015","A/H3N2",0.0315552982759,0,"HS1595","MH8924"
"295",165,5234,"50993","50992",2015-01-04,2015-01-05,2015-01-04,TRUE,TRUE,TRUE,TRUE,TRUE,FALSE,TRUE,TRUE,TRUE,FALSE,165,TRUE,2015-01-06,2015-01-09,"M_T303C","M",303,"T","C","2014-2015","A/H3N2",0.0309374082531,0,"HS1595","MH8924"
"296",165,5234,"50993","50992",2015-01-04,2015-01-05,2015-01-04,TRUE,TRUE,TRUE,TRUE,TRUE,FALSE,TRUE,TRUE,TRUE,FALSE,165,TRUE,2015-01-06,2015-01-09,"M_T303T","M",303,"T","T","2014-2015","A/H3N2",0.968531609776,1,"HS1595","MH8924"
"297",165,5234,"50993","50992",2015-01-04,2015-01-05,2015-01-04,TRUE,TRUE,TRUE,TRUE,TRUE,FALSE,TRUE,TRUE,TRUE,FALSE,165,TRUE,2015-01-06,2015-01-09,"PA_C603C","PA",603,"C","C","2014-2015","A/H3N2",1,0.941297188947,"HS1595","MH8924"
"298",165,5234,"50993","50992",2015-01-04,2015-01-05,2015-01-04,TRUE,TRUE,TRUE,TRUE,TRUE,FALSE,TRUE,TRUE,TRUE,FALSE,165,TRUE,2015-01-06,2015-01-09,"PA_C603T","PA",603,"C","T","2014-2015","A/H3N2",0,0.0575332766257,"HS1595","MH8924"
"299",165,5234,"50993","50992",2015-01-04,2015-01-05,2015-01-04,TRUE,TRUE,TRUE,TRUE,TRUE,FALSE,TRUE,TRUE,TRUE,FALSE,165,TRUE,2015-01-06,2015-01-09,"PA_A1795A","PA",1795,"A","A","2014-2015","A/H3N2",0.897309668783,1,"HS1595","MH8924"
"300",165,5234,"50993","50992",2015-01-04,2015-01-05,2015-01-04,TRUE,TRUE,TRUE,TRUE,TRUE,FALSE,TRUE,TRUE,TRUE,FALSE,165,TRUE,2015-01-06,2015-01-09,"PA_A1795G","PA",1795,"A","G","2014-2015","A/H3N2",0.102067566964,0,"HS1595","MH8924"
"301",165,5234,"50993","50992",2015-01-04,2015-01-05,2015-01-04,TRUE,TRUE,TRUE,TRUE,TRUE,FALSE,TRUE,TRUE,TRUE,FALSE,165,TRUE,2015-01-06,2015-01-09,"PB1_T1357C","PB1",1357,"T","C","2014-2015","A/H3N2",0,0.0588249709766,"HS1595","MH8924"
"302",165,5234,"50993","50992",2015-01-04,2015-01-05,2015-01-04,TRUE,TRUE,TRUE,TRUE,TRUE,FALSE,TRUE,TRUE,TRUE,FALSE,165,TRUE,2015-01-06,2015-01-09,"PB1_T1357T","PB1",1357,"T","T","2014-2015","A/H3N2",1,0.940852665281,"HS1595","MH8924"
"303",165,5234,"50993","50992",2015-01-04,2015-01-05,2015-01-04,TRUE,TRUE,TRUE,TRUE,TRUE,FALSE,TRUE,TRUE,TRUE,FALSE,165,TRUE,2015-01-06,2015-01-09,"PB1_G1558G","PB1",1558,"G","G","2014-2015","A/H3N2",0.974974224388,1,"HS1595","MH8924"
"304",165,5234,"50993","50992",2015-01-04,2015-01-05,2015-01-04,TRUE,TRUE,TRUE,TRUE,TRUE,FALSE,TRUE,TRUE,TRUE,FALSE,165,TRUE,2015-01-06,2015-01-09,"PB1_G1558T","PB1",1558,"G","T","2014-2015","A/H3N2",0.0243697569459,0,"HS1595","MH8924"
"305",165,5234,"50993","50992",2015-01-04,2015-01-05,2015-01-04,TRUE,TRUE,TRUE,TRUE,TRUE,FALSE,TRUE,TRUE,TRUE,FALSE,165,TRUE,2015-01-06,2015-01-09,"PB2_G286A","PB2",286,"G","A","2014-2015","A/H3N2",0,0.0511922627981,"HS1595","MH8924"
"306",165,5234,"50993","50992",2015-01-04,2015-01-05,2015-01-04,TRUE,TRUE,TRUE,TRUE,TRUE,FALSE,TRUE,TRUE,TRUE,FALSE,165,TRUE,2015-01-06,2015-01-09,"PB2_G286G","PB2",286,"G","G","2014-2015","A/H3N2",1,0.948307487077,"HS1595","MH8924"
"307",165,5234,"50993","50992",2015-01-04,2015-01-05,2015-01-04,TRUE,TRUE,TRUE,TRUE,TRUE,FALSE,TRUE,TRUE,TRUE,FALSE,165,TRUE,2015-01-06,2015-01-09,"PB2_G1099A","PB2",1099,"G","A","2014-2015","A/H3N2",0.0383825176499,0,"HS1595","MH8924"
"308",165,5234,"50993","50992",2015-01-04,2015-01-05,2015-01-04,TRUE,TRUE,TRUE,TRUE,TRUE,FALSE,TRUE,TRUE,TRUE,FALSE,165,TRUE,2015-01-06,2015-01-09,"PB2_G1099G","PB2",1099,"G","G","2014-2015","A/H3N2",0.961023714487,1,"HS1595","MH8924"
"309",167,5244,"51041","51043",2014-12-11,2014-12-12,2014-12-11,TRUE,TRUE,TRUE,TRUE,TRUE,FALSE,TRUE,TRUE,TRUE,FALSE,167,TRUE,2014-12-15,2014-12-15,"HA_C1178A","HA",1178,"C","A","2014-2015","A/H3N2",0.0413910882347,0,"MH8088","MH8089"
"310",167,5244,"51041","51043",2014-12-11,2014-12-12,2014-12-11,TRUE,TRUE,TRUE,TRUE,TRUE,FALSE,TRUE,TRUE,TRUE,FALSE,167,TRUE,2014-12-15,2014-12-15,"HA_C1178C","HA",1178,"C","C","2014-2015","A/H3N2",0.957891867952,1,"MH8088","MH8089"
"311",167,5244,"51041","51043",2014-12-11,2014-12-12,2014-12-11,TRUE,TRUE,TRUE,TRUE,TRUE,FALSE,TRUE,TRUE,TRUE,FALSE,167,TRUE,2014-12-15,2014-12-15,"HA_G1433A","HA",1433,"G","A","2014-2015","A/H3N2",0,0.167855170801,"MH8088","MH8089"
"312",167,5244,"51041","51043",2014-12-11,2014-12-12,2014-12-11,TRUE,TRUE,TRUE,TRUE,TRUE,FALSE,TRUE,TRUE,TRUE,FALSE,167,TRUE,2014-12-15,2014-12-15,"HA_G1433G","HA",1433,"G","G","2014-2015","A/H3N2",1,0.831421540791,"MH8088","MH8089"
"313",167,5244,"51041","51043",2014-12-11,2014-12-12,2014-12-11,TRUE,TRUE,TRUE,TRUE,TRUE,FALSE,TRUE,TRUE,TRUE,FALSE,167,TRUE,2014-12-15,2014-12-15,"HA_T1475C","HA",1475,"T","C","2014-2015","A/H3N2",0.0417286269701,0,"MH8088","MH8089"
"314",167,5244,"51041","51043",2014-12-11,2014-12-12,2014-12-11,TRUE,TRUE,TRUE,TRUE,TRUE,FALSE,TRUE,TRUE,TRUE,FALSE,167,TRUE,2014-12-15,2014-12-15,"HA_T1475T","HA",1475,"T","T","2014-2015","A/H3N2",0.956728102077,1,"MH8088","MH8089"
"315",167,5244,"51041","51043",2014-12-11,2014-12-12,2014-12-11,TRUE,TRUE,TRUE,TRUE,TRUE,FALSE,TRUE,TRUE,TRUE,FALSE,167,TRUE,2014-12-15,2014-12-15,"M_T214C","M",214,"T","C","2014-2015","A/H3N2",0.869842130226,0,"MH8088","MH8089"
"316",167,5244,"51041","51043",2014-12-11,2014-12-12,2014-12-11,TRUE,TRUE,TRUE,TRUE,TRUE,FALSE,TRUE,TRUE,TRUE,FALSE,167,TRUE,2014-12-15,2014-12-15,"M_T214T","M",214,"T","T","2014-2015","A/H3N2",0.129615827631,1,"MH8088","MH8089"
"317",167,5244,"51041","51043",2014-12-11,2014-12-12,2014-12-11,TRUE,TRUE,TRUE,TRUE,TRUE,FALSE,TRUE,TRUE,TRUE,FALSE,167,TRUE,2014-12-15,2014-12-15,"M_T379C","M",379,"T","C","2014-2015","A/H3N2",0,0.0505068125595,"MH8088","MH8089"
"318",167,5244,"51041","51043",2014-12-11,2014-12-12,2014-12-11,TRUE,TRUE,TRUE,TRUE,TRUE,FALSE,TRUE,TRUE,TRUE,FALSE,167,TRUE,2014-12-15,2014-12-15,"M_T379T","M",379,"T","T","2014-2015","A/H3N2",1,0.948379940151,"MH8088","MH8089"
"319",167,5244,"51041","51043",2014-12-11,2014-12-12,2014-12-11,TRUE,TRUE,TRUE,TRUE,TRUE,FALSE,TRUE,TRUE,TRUE,FALSE,167,TRUE,2014-12-15,2014-12-15,"M_G484A","M",484,"G","A","2014-2015","A/H3N2",0.0209838939155,0,"MH8088","MH8089"
"320",167,5244,"51041","51043",2014-12-11,2014-12-12,2014-12-11,TRUE,TRUE,TRUE,TRUE,TRUE,FALSE,TRUE,TRUE,TRUE,FALSE,167,TRUE,2014-12-15,2014-12-15,"M_G484G","M",484,"G","G","2014-2015","A/H3N2",0.978439886211,1,"MH8088","MH8089"
"321",167,5244,"51041","51043",2014-12-11,2014-12-12,2014-12-11,TRUE,TRUE,TRUE,TRUE,TRUE,FALSE,TRUE,TRUE,TRUE,FALSE,167,TRUE,2014-12-15,2014-12-15,"NP_T108C","NP",108,"T","C","2014-2015","A/H3N2",0.0358219006488,0,"MH8088","MH8089"
"322",167,5244,"51041","51043",2014-12-11,2014-12-12,2014-12-11,TRUE,TRUE,TRUE,TRUE,TRUE,FALSE,TRUE,TRUE,TRUE,FALSE,167,TRUE,2014-12-15,2014-12-15,"NP_T108T","NP",108,"T","T","2014-2015","A/H3N2",0.96334971335,1,"MH8088","MH8089"
"323",167,5244,"51041","51043",2014-12-11,2014-12-12,2014-12-11,TRUE,TRUE,TRUE,TRUE,TRUE,FALSE,TRUE,TRUE,TRUE,FALSE,167,TRUE,2014-12-15,2014-12-15,"NR_G487A","NR",487,"G","A","2014-2015","A/H3N2",0,0.0756390477738,"MH8088","MH8089"
"324",167,5244,"51041","51043",2014-12-11,2014-12-12,2014-12-11,TRUE,TRUE,TRUE,TRUE,TRUE,FALSE,TRUE,TRUE,TRUE,FALSE,167,TRUE,2014-12-15,2014-12-15,"NR_G487G","NR",487,"G","G","2014-2015","A/H3N2",1,0.923268468136,"MH8088","MH8089"
"325",167,5244,"51041","51043",2014-12-11,2014-12-12,2014-12-11,TRUE,TRUE,TRUE,TRUE,TRUE,FALSE,TRUE,TRUE,TRUE,FALSE,167,TRUE,2014-12-15,2014-12-15,"NS_G233A","NS",233,"G","A","2014-2015","A/H3N2",0,0.020260001288,"MH8088","MH8089"
"326",167,5244,"51041","51043",2014-12-11,2014-12-12,2014-12-11,TRUE,TRUE,TRUE,TRUE,TRUE,FALSE,TRUE,TRUE,TRUE,FALSE,167,TRUE,2014-12-15,2014-12-15,"NS_G233G","NS",233,"G","G","2014-2015","A/H3N2",1,0.978477592472,"MH8088","MH8089"
"327",167,5244,"51041","51043",2014-12-11,2014-12-12,2014-12-11,TRUE,TRUE,TRUE,TRUE,TRUE,FALSE,TRUE,TRUE,TRUE,FALSE,167,TRUE,2014-12-15,2014-12-15,"PA_A201A","PA",201,"A","A","2014-2015","A/H3N2",0.971588523443,1,"MH8088","MH8089"
"328",167,5244,"51041","51043",2014-12-11,2014-12-12,2014-12-11,TRUE,TRUE,TRUE,TRUE,TRUE,FALSE,TRUE,TRUE,TRUE,FALSE,167,TRUE,2014-12-15,2014-12-15,"PA_A201G","PA",201,"A","G","2014-2015","A/H3N2",0.0276076825647,0,"MH8088","MH8089"
"329",167,5244,"51041","51043",2014-12-11,2014-12-12,2014-12-11,TRUE,TRUE,TRUE,TRUE,TRUE,FALSE,TRUE,TRUE,TRUE,FALSE,167,TRUE,2014-12-15,2014-12-15,"PB1_C281C","PB1",281,"C","C","2014-2015","A/H3N2",1,0.782812718868,"MH8088","MH8089"
"330",167,5244,"51041","51043",2014-12-11,2014-12-12,2014-12-11,TRUE,TRUE,TRUE,TRUE,TRUE,FALSE,TRUE,TRUE,TRUE,FALSE,167,TRUE,2014-12-15,2014-12-15,"PB1_C281T","PB1",281,"C","T","2014-2015","A/H3N2",0,0.216517063177,"MH8088","MH8089"
"331",167,5244,"51041","51043",2014-12-11,2014-12-12,2014-12-11,TRUE,TRUE,TRUE,TRUE,TRUE,FALSE,TRUE,TRUE,TRUE,FALSE,167,TRUE,2014-12-15,2014-12-15,"PB2_T1015C","PB2",1015,"T","C","2014-2015","A/H3N2",0.0451564601606,0,"MH8088","MH8089"
"332",167,5244,"51041","51043",2014-12-11,2014-12-12,2014-12-11,TRUE,TRUE,TRUE,TRUE,TRUE,FALSE,TRUE,TRUE,TRUE,FALSE,167,TRUE,2014-12-15,2014-12-15,"PB2_T1015T","PB2",1015,"T","T","2014-2015","A/H3N2",0.954429572976,1,"MH8088","MH8089"
"333",167,5244,"51041","51043",2014-12-11,2014-12-12,2014-12-11,TRUE,TRUE,TRUE,TRUE,TRUE,FALSE,TRUE,TRUE,TRUE,FALSE,167,TRUE,2014-12-15,2014-12-15,"PB2_A1258A","PB2",1258,"A","A","2014-2015","A/H3N2",1,0.763922383408,"MH8088","MH8089"
"334",167,5244,"51041","51043",2014-12-11,2014-12-12,2014-12-11,TRUE,TRUE,TRUE,TRUE,TRUE,FALSE,TRUE,TRUE,TRUE,FALSE,167,TRUE,2014-12-15,2014-12-15,"PB2_A1258G","PB2",1258,"A","G","2014-2015","A/H3N2",0,0.235793987068,"MH8088","MH8089"
"335",167,5244,"51041","51043",2014-12-11,2014-12-12,2014-12-11,TRUE,TRUE,TRUE,TRUE,TRUE,FALSE,TRUE,TRUE,TRUE,FALSE,167,TRUE,2014-12-15,2014-12-15,"PB2_A1911A","PB2",1911,"A","A","2014-2015","A/H3N2",0.972815346797,1,"MH8088","MH8089"
"336",167,5244,"51041","51043",2014-12-11,2014-12-12,2014-12-11,TRUE,TRUE,TRUE,TRUE,TRUE,FALSE,TRUE,TRUE,TRUE,FALSE,167,TRUE,2014-12-15,2014-12-15,"PB2_A1911G","PB2",1911,"A","G","2014-2015","A/H3N2",0.0269257841865,0,"MH8088","MH8089"
"337",167,5244,"51041","51043",2014-12-11,2014-12-12,2014-12-11,TRUE,TRUE,TRUE,TRUE,TRUE,FALSE,TRUE,TRUE,TRUE,FALSE,167,TRUE,2014-12-15,2014-12-15,"PB2_A2187A","PB2",2187,"A","A","2014-2015","A/H3N2",0.613295395758,1,"MH8088","MH8089"
"338",167,5244,"51041","51043",2014-12-11,2014-12-12,2014-12-11,TRUE,TRUE,TRUE,TRUE,TRUE,FALSE,TRUE,TRUE,TRUE,FALSE,167,TRUE,2014-12-15,2014-12-15,"PB2_A2187G","PB2",2187,"A","G","2014-2015","A/H3N2",0.385372324046,0,"MH8088","MH8089"
"339",169,5250,"51058","51057",2014-12-20,2014-12-22,2014-12-21,TRUE,TRUE,TRUE,TRUE,TRUE,FALSE,TRUE,TRUE,TRUE,FALSE,169,TRUE,2014-12-20,2014-12-22,"M_C376C","M",376,"C","C","2014-2015","A/H3N2",0.974884070686,1,"HS1519","HS1518"
"340",169,5250,"51058","51057",2014-12-20,2014-12-22,2014-12-21,TRUE,TRUE,TRUE,TRUE,TRUE,FALSE,TRUE,TRUE,TRUE,FALSE,169,TRUE,2014-12-20,2014-12-22,"M_C376T","M",376,"C","T","2014-2015","A/H3N2",0.0241204928038,0,"HS1519","HS1518"
"341",169,5250,"51058","51057",2014-12-20,2014-12-22,2014-12-21,TRUE,TRUE,TRUE,TRUE,TRUE,FALSE,TRUE,TRUE,TRUE,FALSE,169,TRUE,2014-12-20,2014-12-22,"PB1_A1391A","PB1",1391,"A","A","2014-2015","A/H3N2",1,0.668688425709,"HS1519","HS1518"
"342",169,5250,"51058","51057",2014-12-20,2014-12-22,2014-12-21,TRUE,TRUE,TRUE,TRUE,TRUE,FALSE,TRUE,TRUE,TRUE,FALSE,169,TRUE,2014-12-20,2014-12-22,"PB1_A1391G","PB1",1391,"A","G","2014-2015","A/H3N2",0,0.322934269415,"HS1519","HS1518"
"343",170,5250,"51058","51059",2014-12-20,2014-12-22,2014-12-21,TRUE,TRUE,TRUE,TRUE,TRUE,FALSE,TRUE,TRUE,TRUE,FALSE,170,TRUE,2014-12-20,2014-12-22,"M_C376C","M",376,"C","C","2014-2015","A/H3N2",0.974884070686,1,"HS1519","HS1520"
"344",170,5250,"51058","51059",2014-12-20,2014-12-22,2014-12-21,TRUE,TRUE,TRUE,TRUE,TRUE,FALSE,TRUE,TRUE,TRUE,FALSE,170,TRUE,2014-12-20,2014-12-22,"M_C376T","M",376,"C","T","2014-2015","A/H3N2",0.0241204928038,0,"HS1519","HS1520"
"345",170,5250,"51058","51059",2014-12-20,2014-12-22,2014-12-21,TRUE,TRUE,TRUE,TRUE,TRUE,FALSE,TRUE,TRUE,TRUE,FALSE,170,TRUE,2014-12-20,2014-12-22,"M_G553A","M",553,"G","A","2014-2015","A/H3N2",0,0.0897057347185,"HS1519","HS1520"
"346",170,5250,"51058","51059",2014-12-20,2014-12-22,2014-12-21,TRUE,TRUE,TRUE,TRUE,TRUE,FALSE,TRUE,TRUE,TRUE,FALSE,170,TRUE,2014-12-20,2014-12-22,"M_G553G","M",553,"G","G","2014-2015","A/H3N2",1,0.909609735627,"HS1519","HS1520"
"347",172,5254,"51074","51073",2014-12-17,2014-12-20,2014-12-19,TRUE,TRUE,TRUE,TRUE,TRUE,FALSE,TRUE,TRUE,TRUE,FALSE,172,TRUE,2014-12-22,2014-12-20,"PB1_T910A","PB1",910,"T","A","2014-2015","A/H3N2",0,0.340472493385,"MH8392","HS1505"
"348",172,5254,"51074","51073",2014-12-17,2014-12-20,2014-12-19,TRUE,TRUE,TRUE,TRUE,TRUE,FALSE,TRUE,TRUE,TRUE,FALSE,172,TRUE,2014-12-22,2014-12-20,"PB1_T910T","PB1",910,"T","T","2014-2015","A/H3N2",1,0.659043348281,"MH8392","HS1505"
"349",180,5270,"51138","51137",2014-12-26,2014-12-27,2014-12-26,TRUE,TRUE,TRUE,TRUE,TRUE,FALSE,TRUE,TRUE,TRUE,FALSE,180,TRUE,2014-12-26,2014-12-27,"M_A910A","M",910,"A","A","2014-2015","A/H3N2",0.798242649544,1,"HS1535","HS1536"
"350",180,5270,"51138","51137",2014-12-26,2014-12-27,2014-12-26,TRUE,TRUE,TRUE,TRUE,TRUE,FALSE,TRUE,TRUE,TRUE,FALSE,180,TRUE,2014-12-26,2014-12-27,"M_A910G","M",910,"A","G","2014-2015","A/H3N2",0.199797392055,0,"HS1535","HS1536"
"351",180,5270,"51138","51137",2014-12-26,2014-12-27,2014-12-26,TRUE,TRUE,TRUE,TRUE,TRUE,FALSE,TRUE,TRUE,TRUE,FALSE,180,TRUE,2014-12-26,2014-12-27,"NP_A638A","NP",638,"A","A","2014-2015","A/H3N2",0.955183424069,1,"HS1535","HS1536"
"352",180,5270,"51138","51137",2014-12-26,2014-12-27,2014-12-26,TRUE,TRUE,TRUE,TRUE,TRUE,FALSE,TRUE,TRUE,TRUE,FALSE,180,TRUE,2014-12-26,2014-12-27,"NP_A638G","NP",638,"A","G","2014-2015","A/H3N2",0.0444150083966,0,"HS1535","HS1536"
"353",180,5270,"51138","51137",2014-12-26,2014-12-27,2014-12-26,TRUE,TRUE,TRUE,TRUE,TRUE,FALSE,TRUE,TRUE,TRUE,FALSE,180,TRUE,2014-12-26,2014-12-27,"NS_G685A","NS",685,"G","A","2014-2015","A/H3N2",0,0.0824818441073,"HS1535","HS1536"
"354",180,5270,"51138","51137",2014-12-26,2014-12-27,2014-12-26,TRUE,TRUE,TRUE,TRUE,TRUE,FALSE,TRUE,TRUE,TRUE,FALSE,180,TRUE,2014-12-26,2014-12-27,"NS_G685G","NS",685,"G","G","2014-2015","A/H3N2",1,0.916505876162,"HS1535","HS1536"
"355",180,5270,"51138","51137",2014-12-26,2014-12-27,2014-12-26,TRUE,TRUE,TRUE,TRUE,TRUE,FALSE,TRUE,TRUE,TRUE,FALSE,180,TRUE,2014-12-26,2014-12-27,"PA_G57A","PA",57,"G","A","2014-2015","A/H3N2",0,1,"HS1535","HS1536"
"356",180,5270,"51138","51137",2014-12-26,2014-12-27,2014-12-26,TRUE,TRUE,TRUE,TRUE,TRUE,FALSE,TRUE,TRUE,TRUE,FALSE,180,TRUE,2014-12-26,2014-12-27,"PA_G57G","PA",57,"G","G","2014-2015","A/H3N2",1,0,"HS1535","HS1536"
"357",181,5289,"51220","51216",2014-12-13,2014-12-17,2014-12-16,TRUE,TRUE,TRUE,TRUE,TRUE,FALSE,TRUE,TRUE,TRUE,FALSE,181,TRUE,2014-12-12,2014-12-18,"HA_G644G","HA",644,"G","G","2014-2015","A/H3N2",0.961477309733,1,"HS1450","MH8309"
"358",181,5289,"51220","51216",2014-12-13,2014-12-17,2014-12-16,TRUE,TRUE,TRUE,TRUE,TRUE,FALSE,TRUE,TRUE,TRUE,FALSE,181,TRUE,2014-12-12,2014-12-18,"HA_G644T","HA",644,"G","T","2014-2015","A/H3N2",0.0378270981645,0,"HS1450","MH8309"
"359",181,5289,"51220","51216",2014-12-13,2014-12-17,2014-12-16,TRUE,TRUE,TRUE,TRUE,TRUE,FALSE,TRUE,TRUE,TRUE,FALSE,181,TRUE,2014-12-12,2014-12-18,"NR_T517G","NR",517,"T","G","2014-2015","A/H3N2",0.939296549596,0,"HS1450","MH8309"
"360",181,5289,"51220","51216",2014-12-13,2014-12-17,2014-12-16,TRUE,TRUE,TRUE,TRUE,TRUE,FALSE,TRUE,TRUE,TRUE,FALSE,181,TRUE,2014-12-12,2014-12-18,"NR_T517T","NR",517,"T","T","2014-2015","A/H3N2",0.0600349668329,1,"HS1450","MH8309"
"361",181,5289,"51220","51216",2014-12-13,2014-12-17,2014-12-16,TRUE,TRUE,TRUE,TRUE,TRUE,FALSE,TRUE,TRUE,TRUE,FALSE,181,TRUE,2014-12-12,2014-12-18,"NS_C618T","NS",618,"C","T","2014-2015","A/H3N2",0,1,"HS1450","MH8309"
"362",181,5289,"51220","51216",2014-12-13,2014-12-17,2014-12-16,TRUE,TRUE,TRUE,TRUE,TRUE,FALSE,TRUE,TRUE,TRUE,FALSE,181,TRUE,2014-12-12,2014-12-18,"NS_C618C","NS",618,"C","C","2014-2015","A/H3N2",1,0,"HS1450","MH8309"
"363",181,5289,"51220","51216",2014-12-13,2014-12-17,2014-12-16,TRUE,TRUE,TRUE,TRUE,TRUE,FALSE,TRUE,TRUE,TRUE,FALSE,181,TRUE,2014-12-12,2014-12-18,"PB2_A1429G","PB2",1429,"A","G","2014-2015","A/H3N2",0,1,"HS1450","MH8309"
"364",181,5289,"51220","51216",2014-12-13,2014-12-17,2014-12-16,TRUE,TRUE,TRUE,TRUE,TRUE,FALSE,TRUE,TRUE,TRUE,FALSE,181,TRUE,2014-12-12,2014-12-18,"PB2_A1429A","PB2",1429,"A","A","2014-2015","A/H3N2",1,0,"HS1450","MH8309"
"365",184,5317,"51335","51336",2014-12-13,2014-12-15,2014-12-14,TRUE,TRUE,TRUE,TRUE,TRUE,FALSE,TRUE,TRUE,TRUE,FALSE,184,TRUE,2014-12-15,2014-12-15,"NS_A468A","NS",468,"A","A","2014-2015","A/H3N2",0.501867849638,0.0619220607662,"MH8090","HS1445"
"366",184,5317,"51335","51336",2014-12-13,2014-12-15,2014-12-14,TRUE,TRUE,TRUE,TRUE,TRUE,FALSE,TRUE,TRUE,TRUE,FALSE,184,TRUE,2014-12-15,2014-12-15,"NS_A468C","NS",468,"A","C","2014-2015","A/H3N2",0.497550142941,0.937087186262,"MH8090","HS1445"
"367",185,5341,"51439","51438",2014-12-06,2014-12-07,2014-12-06,TRUE,TRUE,TRUE,TRUE,TRUE,FALSE,TRUE,TRUE,TRUE,FALSE,185,TRUE,2014-12-06,2014-12-07,"HA_T524C","HA",524,"T","C","2014-2015","A/H3N2",0,0.0588456364788,"HS1391","HS1390"
"368",185,5341,"51439","51438",2014-12-06,2014-12-07,2014-12-06,TRUE,TRUE,TRUE,TRUE,TRUE,FALSE,TRUE,TRUE,TRUE,FALSE,185,TRUE,2014-12-06,2014-12-07,"HA_T524T","HA",524,"T","T","2014-2015","A/H3N2",1,0.940688538962,"HS1391","HS1390"
"369",185,5341,"51439","51438",2014-12-06,2014-12-07,2014-12-06,TRUE,TRUE,TRUE,TRUE,TRUE,FALSE,TRUE,TRUE,TRUE,FALSE,185,TRUE,2014-12-06,2014-12-07,"HA_G638A","HA",638,"G","A","2014-2015","A/H3N2",0,0.213904415309,"HS1391","HS1390"
"370",185,5341,"51439","51438",2014-12-06,2014-12-07,2014-12-06,TRUE,TRUE,TRUE,TRUE,TRUE,FALSE,TRUE,TRUE,TRUE,FALSE,185,TRUE,2014-12-06,2014-12-07,"HA_G638G","HA",638,"G","G","2014-2015","A/H3N2",1,0.785084637496,"HS1391","HS1390"
"371",185,5341,"51439","51438",2014-12-06,2014-12-07,2014-12-06,TRUE,TRUE,TRUE,TRUE,TRUE,FALSE,TRUE,TRUE,TRUE,FALSE,185,TRUE,2014-12-06,2014-12-07,"NS_T538C","NS",538,"T","C","2014-2015","A/H3N2",0,0.0487008376097,"HS1391","HS1390"
"372",185,5341,"51439","51438",2014-12-06,2014-12-07,2014-12-06,TRUE,TRUE,TRUE,TRUE,TRUE,FALSE,TRUE,TRUE,TRUE,FALSE,185,TRUE,2014-12-06,2014-12-07,"NS_T538T","NS",538,"T","T","2014-2015","A/H3N2",1,0.950439288128,"HS1391","HS1390"
"373",185,5341,"51439","51438",2014-12-06,2014-12-07,2014-12-06,TRUE,TRUE,TRUE,TRUE,TRUE,FALSE,TRUE,TRUE,TRUE,FALSE,185,TRUE,2014-12-06,2014-12-07,"PA_C927C","PA",927,"C","C","2014-2015","A/H3N2",1,0.906827486998,"HS1391","HS1390"
"374",185,5341,"51439","51438",2014-12-06,2014-12-07,2014-12-06,TRUE,TRUE,TRUE,TRUE,TRUE,FALSE,TRUE,TRUE,TRUE,FALSE,185,TRUE,2014-12-06,2014-12-07,"PA_C927T","PA",927,"C","T","2014-2015","A/H3N2",0,0.0922304890917,"HS1391","HS1390"
"375",185,5341,"51439","51438",2014-12-06,2014-12-07,2014-12-06,TRUE,TRUE,TRUE,TRUE,TRUE,FALSE,TRUE,TRUE,TRUE,FALSE,185,TRUE,2014-12-06,2014-12-07,"PB1_G430A","PB1",430,"G","A","2014-2015","A/H3N2",0,0.220772809253,"HS1391","HS1390"
"376",185,5341,"51439","51438",2014-12-06,2014-12-07,2014-12-06,TRUE,TRUE,TRUE,TRUE,TRUE,FALSE,TRUE,TRUE,TRUE,FALSE,185,TRUE,2014-12-06,2014-12-07,"PB1_G430G","PB1",430,"G","G","2014-2015","A/H3N2",1,0.777876895629,"HS1391","HS1390"
"377",56,3111,"331061","330441",2013-01-02,2013-01-02,2013-01-01,TRUE,TRUE,TRUE,TRUE,TRUE,TRUE,TRUE,TRUE,TRUE,FALSE,56.5,TRUE,2013-01-07,2013-01-04,"NP_G1344A","NP",1344,"G","A","2012-2013","A/H3N2",0,0.244784202836,"MH2737","MH2706"
"378",56,3111,"331061","330441",2013-01-02,2013-01-02,2013-01-01,TRUE,TRUE,TRUE,TRUE,TRUE,TRUE,TRUE,TRUE,TRUE,FALSE,56.5,TRUE,2013-01-07,2013-01-04,"NP_G1344G","NP",1344,"G","G","2012-2013","A/H3N2",1,0.753263467549,"MH2737","MH2706"
"379",56,3111,"331061","330441",2013-01-02,2013-01-02,2013-01-01,TRUE,TRUE,TRUE,TRUE,TRUE,TRUE,TRUE,TRUE,TRUE,FALSE,56.5,TRUE,2013-01-07,2013-01-04,"NR_C834C","NR",834,"C","C","2012-2013","A/H3N2",0.969566608597,1,"MH2737","MH2706"
"380",56,3111,"331061","330441",2013-01-02,2013-01-02,2013-01-01,TRUE,TRUE,TRUE,TRUE,TRUE,TRUE,TRUE,TRUE,TRUE,FALSE,56.5,TRUE,2013-01-07,2013-01-04,"NR_C834T","NR",834,"C","T","2012-2013","A/H3N2",0.030090113646,0,"MH2737","MH2706"
"381",56,3111,"331061","330441",2013-01-02,2013-01-02,2013-01-01,TRUE,TRUE,TRUE,TRUE,TRUE,TRUE,TRUE,TRUE,TRUE,FALSE,56.5,TRUE,2013-01-07,2013-01-04,"NR_C925A","NR",925,"C","A","2012-2013","A/H3N2",0.0435569743186,0,"MH2737","MH2706"
"382",56,3111,"331061","330441",2013-01-02,2013-01-02,2013-01-01,TRUE,TRUE,TRUE,TRUE,TRUE,TRUE,TRUE,TRUE,TRUE,FALSE,56.5,TRUE,2013-01-07,2013-01-04,"NR_C925C","NR",925,"C","C","2012-2013","A/H3N2",0.9555257099,1,"MH2737","MH2706"
"383",56,3111,"331061","330441",2013-01-02,2013-01-02,2013-01-01,TRUE,TRUE,TRUE,TRUE,TRUE,TRUE,TRUE,TRUE,TRUE,FALSE,56.5,TRUE,2013-01-07,2013-01-04,"NS_G314A","NS",314,"G","A","2012-2013","A/H3N2",0.0204055618074,0,"MH2737","MH2706"
"384",56,3111,"331061","330441",2013-01-02,2013-01-02,2013-01-01,TRUE,TRUE,TRUE,TRUE,TRUE,TRUE,TRUE,TRUE,TRUE,FALSE,56.5,TRUE,2013-01-07,2013-01-04,"NS_G314G","NS",314,"G","G","2012-2013","A/H3N2",0.978886168911,1,"MH2737","MH2706"
"385",56,3111,"331061","330441",2013-01-02,2013-01-02,2013-01-01,TRUE,TRUE,TRUE,TRUE,TRUE,TRUE,TRUE,TRUE,TRUE,FALSE,56.5,TRUE,2013-01-07,2013-01-04,"NS_C672C","NS",672,"C","C","2012-2013","A/H3N2",0.949770190414,1,"MH2737","MH2706"
"386",56,3111,"331061","330441",2013-01-02,2013-01-02,2013-01-01,TRUE,TRUE,TRUE,TRUE,TRUE,TRUE,TRUE,TRUE,TRUE,FALSE,56.5,TRUE,2013-01-07,2013-01-04,"NS_C672T","NS",672,"C","T","2012-2013","A/H3N2",0.0498535396754,0,"MH2737","MH2706"
"387",56,3111,"331061","330441",2013-01-02,2013-01-02,2013-01-01,TRUE,TRUE,TRUE,TRUE,TRUE,TRUE,TRUE,TRUE,TRUE,FALSE,56.5,TRUE,2013-01-07,2013-01-04,"PB1_T844C","PB1",844,"T","C","2012-2013","A/H3N2",0.0617749564066,0,"MH2737","MH2706"
"388",56,3111,"331061","330441",2013-01-02,2013-01-02,2013-01-01,TRUE,TRUE,TRUE,TRUE,TRUE,TRUE,TRUE,TRUE,TRUE,FALSE,56.5,TRUE,2013-01-07,2013-01-04,"PB1_T844T","PB1",844,"T","T","2012-2013","A/H3N2",0.937721382774,1,"MH2737","MH2706"
"389",56,3111,"331061","330441",2013-01-02,2013-01-02,2013-01-01,TRUE,TRUE,TRUE,TRUE,TRUE,TRUE,TRUE,TRUE,TRUE,FALSE,56.5,TRUE,2013-01-07,2013-01-04,"PB1_G907A","PB1",907,"G","A","2012-2013","A/H3N2",0,0.0221180140336,"MH2737","MH2706"
"390",56,3111,"331061","330441",2013-01-02,2013-01-02,2013-01-01,TRUE,TRUE,TRUE,TRUE,TRUE,TRUE,TRUE,TRUE,TRUE,FALSE,56.5,TRUE,2013-01-07,2013-01-04,"PB1_G907G","PB1",907,"G","G","2012-2013","A/H3N2",1,0.977250944354,"MH2737","MH2706"
"391",56,3111,"331061","330441",2013-01-02,2013-01-02,2013-01-01,TRUE,TRUE,TRUE,TRUE,TRUE,TRUE,TRUE,TRUE,TRUE,FALSE,56.5,TRUE,2013-01-07,2013-01-04,"PB1_G2180A","PB1",2180,"G","A","2012-2013","A/H3N2",0,0.190678829115,"MH2737","MH2706"
"392",56,3111,"331061","330441",2013-01-02,2013-01-02,2013-01-01,TRUE,TRUE,TRUE,TRUE,TRUE,TRUE,TRUE,TRUE,TRUE,FALSE,56.5,TRUE,2013-01-07,2013-01-04,"PB1_G2180G","PB1",2180,"G","G","2012-2013","A/H3N2",1,0.807900130427,"MH2737","MH2706"
"393",56,3111,"331061","330441",2013-01-02,2013-01-02,2013-01-01,TRUE,TRUE,TRUE,TRUE,TRUE,TRUE,TRUE,TRUE,TRUE,FALSE,56.5,TRUE,2013-01-07,2013-01-04,"PB2_C987C","PB2",987,"C","C","2012-2013","A/H3N2",0,0.716619134042,"MH2737","MH2706"
"394",56,3111,"331061","330441",2013-01-02,2013-01-02,2013-01-01,TRUE,TRUE,TRUE,TRUE,TRUE,TRUE,TRUE,TRUE,TRUE,FALSE,56.5,TRUE,2013-01-07,2013-01-04,"PB2_C987T","PB2",987,"C","T","2012-2013","A/H3N2",1,0.28281320686,"MH2737","MH2706"
"395",105,5001,"50003","50001",2014-12-25,2014-12-25,2014-12-24,TRUE,TRUE,TRUE,TRUE,TRUE,TRUE,TRUE,TRUE,TRUE,FALSE,105.5,TRUE,2014-12-31,2014-12-25,"PA_G292A","PA",292,"G","A","2014-2015","A/H3N2",0,0.088459720965,"MH8690","HS1563"
"396",105,5001,"50003","50001",2014-12-25,2014-12-25,2014-12-24,TRUE,TRUE,TRUE,TRUE,TRUE,TRUE,TRUE,TRUE,TRUE,FALSE,105.5,TRUE,2014-12-31,2014-12-25,"PA_G292G","PA",292,"G","G","2014-2015","A/H3N2",1,0.910545279846,"MH8690","HS1563"
"397",105,5001,"50003","50001",2014-12-25,2014-12-25,2014-12-24,TRUE,TRUE,TRUE,TRUE,TRUE,TRUE,TRUE,TRUE,TRUE,FALSE,105.5,TRUE,2014-12-31,2014-12-25,"PA_A1848A","PA",1848,"A","A","2014-2015","A/H3N2",0.12118464793,0,"MH8690","HS1563"
"398",105,5001,"50003","50001",2014-12-25,2014-12-25,2014-12-24,TRUE,TRUE,TRUE,TRUE,TRUE,TRUE,TRUE,TRUE,TRUE,FALSE,105.5,TRUE,2014-12-31,2014-12-25,"PA_A1848G","PA",1848,"A","G","2014-2015","A/H3N2",0.878513145966,1,"MH8690","HS1563"
"399",105,5001,"50003","50001",2014-12-25,2014-12-25,2014-12-24,TRUE,TRUE,TRUE,TRUE,TRUE,TRUE,TRUE,TRUE,TRUE,FALSE,105.5,TRUE,2014-12-31,2014-12-25,"PB1_G1852A","PB1",1852,"G","A","2014-2015","A/H3N2",0.0428052289357,0,"MH8690","HS1563"
"400",105,5001,"50003","50001",2014-12-25,2014-12-25,2014-12-24,TRUE,TRUE,TRUE,TRUE,TRUE,TRUE,TRUE,TRUE,TRUE,FALSE,105.5,TRUE,2014-12-31,2014-12-25,"PB1_G1852G","PB1",1852,"G","G","2014-2015","A/H3N2",0.95704845815,1,"MH8690","HS1563"
"401",105,5001,"50003","50001",2014-12-25,2014-12-25,2014-12-24,TRUE,TRUE,TRUE,TRUE,TRUE,TRUE,TRUE,TRUE,TRUE,FALSE,105.5,TRUE,2014-12-31,2014-12-25,"PB2_G1099A","PB2",1099,"G","A","2014-2015","A/H3N2",0,0.0999685429417,"MH8690","HS1563"
"402",105,5001,"50003","50001",2014-12-25,2014-12-25,2014-12-24,TRUE,TRUE,TRUE,TRUE,TRUE,TRUE,TRUE,TRUE,TRUE,FALSE,105.5,TRUE,2014-12-31,2014-12-25,"PB2_G1099G","PB2",1099,"G","G","2014-2015","A/H3N2",1,0.89923195999,"MH8690","HS1563"
"403",106,5001,"50004","50001",2014-12-25,2014-12-25,2014-12-24,TRUE,TRUE,TRUE,TRUE,TRUE,TRUE,TRUE,TRUE,TRUE,FALSE,106.5,TRUE,2014-12-25,2014-12-25,"PA_G292A","PA",292,"G","A","2014-2015","A/H3N2",0,0.088459720965,"HS1564","HS1563"
"404",106,5001,"50004","50001",2014-12-25,2014-12-25,2014-12-24,TRUE,TRUE,TRUE,TRUE,TRUE,TRUE,TRUE,TRUE,TRUE,FALSE,106.5,TRUE,2014-12-25,2014-12-25,"PA_G292G","PA",292,"G","G","2014-2015","A/H3N2",1,0.910545279846,"HS1564","HS1563"
"405",106,5001,"50004","50001",2014-12-25,2014-12-25,2014-12-24,TRUE,TRUE,TRUE,TRUE,TRUE,TRUE,TRUE,TRUE,TRUE,FALSE,106.5,TRUE,2014-12-25,2014-12-25,"PB2_G1099A","PB2",1099,"G","A","2014-2015","A/H3N2",0,0.0999685429417,"HS1564","HS1563"
"406",106,5001,"50004","50001",2014-12-25,2014-12-25,2014-12-24,TRUE,TRUE,TRUE,TRUE,TRUE,TRUE,TRUE,TRUE,TRUE,FALSE,106.5,TRUE,2014-12-25,2014-12-25,"PB2_G1099G","PB2",1099,"G","G","2014-2015","A/H3N2",1,0.89923195999,"HS1564","HS1563"
"407",106,5001,"50004","50001",2014-12-25,2014-12-25,2014-12-24,TRUE,TRUE,TRUE,TRUE,TRUE,TRUE,TRUE,TRUE,TRUE,FALSE,106.5,TRUE,2014-12-25,2014-12-25,"PB2_A2211A","PB2",2211,"A","A","2014-2015","A/H3N2",0.95006090134,1,"HS1564","HS1563"
"408",106,5001,"50004","50001",2014-12-25,2014-12-25,2014-12-24,TRUE,TRUE,TRUE,TRUE,TRUE,TRUE,TRUE,TRUE,TRUE,FALSE,106.5,TRUE,2014-12-25,2014-12-25,"PB2_A2211G","PB2",2211,"A","G","2014-2015","A/H3N2",0.0491766129568,0,"HS1564","HS1563"
"409",107,5001,"50004","50003",2014-12-25,2014-12-25,2014-12-24,TRUE,TRUE,TRUE,TRUE,TRUE,TRUE,TRUE,TRUE,TRUE,FALSE,107.5,TRUE,2014-12-25,2014-12-31,"PA_A1848A","PA",1848,"A","A","2014-2015","A/H3N2",0,0.12118464793,"HS1564","MH8690"
"410",107,5001,"50004","50003",2014-12-25,2014-12-25,2014-12-24,TRUE,TRUE,TRUE,TRUE,TRUE,TRUE,TRUE,TRUE,TRUE,FALSE,107.5,TRUE,2014-12-25,2014-12-31,"PA_A1848G","PA",1848,"A","G","2014-2015","A/H3N2",1,0.878513145966,"HS1564","MH8690"
"411",107,5001,"50004","50003",2014-12-25,2014-12-25,2014-12-24,TRUE,TRUE,TRUE,TRUE,TRUE,TRUE,TRUE,TRUE,TRUE,FALSE,107.5,TRUE,2014-12-25,2014-12-31,"PB1_G1852A","PB1",1852,"G","A","2014-2015","A/H3N2",0,0.0428052289357,"HS1564","MH8690"
"412",107,5001,"50004","50003",2014-12-25,2014-12-25,2014-12-24,TRUE,TRUE,TRUE,TRUE,TRUE,TRUE,TRUE,TRUE,TRUE,FALSE,107.5,TRUE,2014-12-25,2014-12-31,"PB1_G1852G","PB1",1852,"G","G","2014-2015","A/H3N2",1,0.95704845815,"HS1564","MH8690"
"413",107,5001,"50004","50003",2014-12-25,2014-12-25,2014-12-24,TRUE,TRUE,TRUE,TRUE,TRUE,TRUE,TRUE,TRUE,TRUE,FALSE,107.5,TRUE,2014-12-25,2014-12-31,"PB2_A2211A","PB2",2211,"A","A","2014-2015","A/H3N2",0.95006090134,1,"HS1564","MH8690"
"414",107,5001,"50004","50003",2014-12-25,2014-12-25,2014-12-24,TRUE,TRUE,TRUE,TRUE,TRUE,TRUE,TRUE,TRUE,TRUE,FALSE,107.5,TRUE,2014-12-25,2014-12-31,"PB2_A2211G","PB2",2211,"A","G","2014-2015","A/H3N2",0.0491766129568,0,"HS1564","MH8690"
"415",108,5002,"50007","50006",2014-12-07,2014-12-07,2014-12-06,TRUE,TRUE,TRUE,TRUE,TRUE,TRUE,TRUE,TRUE,TRUE,FALSE,108.5,TRUE,2014-12-08,2014-12-07,"NR_C449C","NR",449,"C","C","2014-2015","A/H3N2",0.972440562834,1,"MH7843","HS1394"
"416",108,5002,"50007","50006",2014-12-07,2014-12-07,2014-12-06,TRUE,TRUE,TRUE,TRUE,TRUE,TRUE,TRUE,TRUE,TRUE,FALSE,108.5,TRUE,2014-12-08,2014-12-07,"NR_C449T","NR",449,"C","T","2014-2015","A/H3N2",0.0267244631601,0,"MH7843","HS1394"
"417",133,5126,"50540","50539",2014-12-06,2014-12-06,2014-12-05,TRUE,TRUE,TRUE,TRUE,TRUE,TRUE,TRUE,TRUE,TRUE,FALSE,133.5,TRUE,2014-12-06,2014-12-09,"HA_C545C","HA",545,"C","C","2014-2015","A/H3N2",0.93121305512,1,"HS1409","MH7885"
"418",133,5126,"50540","50539",2014-12-06,2014-12-06,2014-12-05,TRUE,TRUE,TRUE,TRUE,TRUE,TRUE,TRUE,TRUE,TRUE,FALSE,133.5,TRUE,2014-12-06,2014-12-09,"HA_C545T","HA",545,"C","T","2014-2015","A/H3N2",0.0680510202664,0,"HS1409","MH7885"
